player_key,full_name,first_name,last_name,year,hs_school_fin,position,hs_year,hs_position,hs_height,hs_height_in,hs_weight,hs_stars,hs_rating,hs_national_rank,hs_position_rank,hs_state_rank,hs_hometown_state
46103857,Dink Pate,Dink,Pate,2026,Providence,SG,2026,SG,6-8,80,210,4.0,95.0,109.0,15.0,6.0,NY
46136634,Tajh Ariza,Tajh,Ariza,2026,Oregon,SF,2026,SF,6-9,81,200,5.0,98.85141457692532,33.0,11.0,2.0,MO
46140678,Taylen Kinney,Taylen,Kinney,2026,Kansas,PG,2026,PG,6-1,73,185,5.0,99.26851217579349,21.0,3.0,1.0,GA
46141110,Davion Adkins,Davion,Adkins,2026,Kansas,C,2026,C,6-9,81,205,5.0,97.7496608507609,63.0,8.0,10.0,TX
46142818,Austin Brown,Austin,Brown,2026,Maryland,PF,2026,PF,6-8,80,210,4.0,89.97054886211514,226.0,33.0,14.0,TX
46142864,Prince-Alexander Moody,Prince-Alexander,Moody,2026,Indiana,CG,2026,CG,6-4,76,180,4.0,94.85839903650276,111.0,12.0,4.0,MD
46143042,Brayden Fogle,Brayden,Fogle,2026,Georgia,SF,2026,SF,6-4,76,250,,,,,,OH
46143225,Joe Philon,Joe,Philon,2026,UCLA,PF,2026,PF,6-8,80,180,5.0,97.89678222365494,57.0,10.0,9.0,FL
46143259,EJ Hazelett,EJ,Hazelett,2026,Indiana State,SF,2026,SF,6-6,78,180,3.0,86.66666666666667,284.0,74.0,6.0,IL
46143338,Navon Shabazz,Navon,Shabazz,2026,Murray State,CG,2026,CG,6-3,75,170,3.0,86.0,292.0,32.0,7.0,IA
46143344,Junior County,Junior,County,2026,UConn,SG,2026,SG,6-4,76,180,5.0,98.5235926985534,39.0,7.0,2.0,UT
46143602,Luke Ertel,Luke,Ertel,2026,Purdue,PG,2026,PG,6-1,73,170,5.0,98.4344512945875,45.0,4.0,1.0,IN
46143658,Andrew Jensen,Andrew,Jensen,2026,DePaul,PF,2026,PF,6-9,81,205,,,,,,WI
46144802,Nate Earl,Nate,Earl,2026,,CG,2026,CG,6-0,72,165,3.0,80.0,365.0,43.0,43.0,FL
46145462,Willie Piggott,Willie,Piggott,2026,,CG,2026,CG,6-5,77,-,,,,,,FL
46147433,Wisdom Fode,Wisdom,Fode,2026,,CG,2026,CG,6-2,74,190,,,,,,IA
46148971,Darius Bivins,Darius,Bivins,2026,Saint Mary's,PG,2026,PG,5-11,71,160,5.0,97.68715889197817,66.0,6.0,4.0,VA
46149894,Noah George,Noah,George,2026,Northern Arizona,CG,2026,CG,6-4,76,170,,,,,,AZ
46150065,Cameron Elwer,Cameron,Elwer,2026,Furman,PG,2026,PG,6-0,72,170,3.0,83.0,332.0,54.0,11.0,OH
46151278,James Turner,James,Turner,2026,,PF,2026,PF,6-7,79,195,,,,,,KY
46152062,Darius McGlashen,Darius,McGlashen,2026,,PG,2026,PG,6-3,75,-,,,,,,NC
46152229,Colin Rice,Colin,Rice,2026,Nebraska,SF,2026,SF,6-7,79,180,5.0,97.08730126750032,85.0,31.0,2.0,IA
46155427,Josh Kori,Josh,Kori,2026,Kansas City,SG,2026,SG,6-4,76,180,3.0,81.0,355.0,63.0,11.0,MO
46158066,Javonte Floyd,Javonte,Floyd,2026,UCLA,C,2026,C,6-9,81,220,4.0,92.04819277108433,160.0,32.0,8.0,GA
46158098,Jason Singleton,Jason,Singleton,2026,Harvard,CG,2026,CG,6-4,76,175,4.0,91.30388219544847,173.0,21.0,8.0,OH
46158792,Jyi Dawkins,Jyi,Dawkins,2026,Wofford,SG,2026,SG,6-3,75,175,3.0,85.0,304.0,54.0,15.0,NC
46158894,Kingston Whitty,Kingston,Whitty,2026,NC State,PG,2026,PG,6-2,74,165,4.0,90.29183400267738,210.0,27.0,9.0,NC
46160222,Xavier Blake,Xavier,Blake,2026,Hofstra,SG,2026,SG,6-4,76,170,4.0,90.81793842034806,195.0,29.0,2.0,PA
46160450,Rider Portela,Rider,Portela,2026,Colorado,SF,2026,SF,6-6,78,175,4.0,95.2558729902889,105.0,39.0,10.0,AZ
46160776,Josue Bwabwa,Josue,Bwabwa,2026,,C,2026,C,6-9,81,-,,,,,,FL
46161790,Jacob Miller,Jacob,Miller,2026,,SF,2026,SF,6-7,79,240,,,,,,MO
46161814,Zion Ibekwe,Zion,Ibekwe,2026,Hampton,SF,2026,SF,6-5,77,185,,,,,,TX
46163079,Drew Haffner,Drew,Haffner,2026,Abilene Christian,SG,2026,SG,6-4,76,170,,,,,,IN
46163228,Brady Macadams,Brady,Macadams,2026,Marist,SG,2026,SG,6-5,77,205,,,,,,PA
46163785,Jaden Shoultz,Jaden,Shoultz,2026,Richmond,CG,2026,CG,6-4,76,175,,,,,,MD
46167036,Donovan Waleskowski,Donovan,Waleskowski,2026,South Florida,PG,2026,PG,6-5,77,205,,,,,,OH
46134994,Latrell Allmond,Latrell,Allmond,2026,Oklahoma State,PF,2026,PF,6-8,80,225,5.0,98.80686626103073,34.0,7.0,2.0,VA
46135648,RJ Livingston,RJ,Livingston,2026,Texas State,PG,2026,PG,6-2,74,160,4.0,92.06425702811244,120.0,15.0,1.0,FL
46136808,Chris Birden,Chris,Birden,2026,Miami,PF,2026,PF,6-8,80,190,,,,,,CT
46141065,Aidan Chronister,Aidan,Chronister,2026,Missouri,SF,2026,SF,6-7,79,180,4.0,93.89449884263922,139.0,46.0,3.0,AR
46142156,Gabe Weis,Gabe,Weis,2026,Western Kentucky,SF,2026,SF,6-6,78,170,4.0,89.96251673360108,228.0,65.0,7.0,IN
46142484,Kayden Allen,Kayden,Allen,2026,Georgia Tech,SF,2026,SF,6-5,77,205,5.0,97.47538649581604,73.0,28.0,5.0,FL
46142863,Anthony Brown,Anthony,Brown,2026,Vanderbilt,PG,2026,PG,6-1,73,160,5.0,97.33484663290845,79.0,9.0,1.0,DC
46142899,LaTrevion Fenderson,LaTrevion,Fenderson,2026,Wisconsin,SF,2026,SF,6-5,77,205,4.0,90.22289156626506,213.0,61.0,3.0,WI
46142915,Baba Oladotun,Baba,Oladotun,2026,Maryland,SF,2026,SF,6-10,82,195,5.0,99.67217812162808,9.0,4.0,1.0,MD
46143041,Steven Reynolds,Steven,Reynolds,2026,California Baptist,SG,2026,SG,6-5,77,170,4.0,91.17001338688085,177.0,26.0,10.0,TX
46143722,Miles Sadler,Miles,Sadler,2026,West Virginia,PG,2026,PG,5-10,70,165,5.0,99.37775628713291,18.0,2.0,2.0,AZ
46143761,Justin Curry,Justin,Curry,2026,Valparaiso,SG,2026,SG,6-3,75,170,3.0,83.0,332.0,58.0,12.0,IN
46143774,MJ Madison,MJ,Madison,2026,McNeese,PF,2026,PF,6-9,81,215,4.0,89.7429718875502,239.0,35.0,35.0,FL
46144104,Asher Elson,Asher,Elson,2026,Xavier,PF,2026,PF,6-10,82,180,4.0,93.93399685699319,136.0,21.0,6.0,GA
46148067,Bryce Dixon,Bryce,Dixon,2026,Louisiana Tech,SF,2026,SF,6-5,77,175,3.0,85.0,304.0,76.0,25.0,TX
46148196,Tarris Bouie,Tarris,Bouie,2026,Alabama,SF,2026,SF,6-6,78,170,5.0,98.27389826865992,48.0,17.0,2.0,OH
46150090,Styles Clemmons,Styles,Clemmons,2026,Utah,PG,2026,PG,6-2,74,175,4.0,89.39357429718875,251.0,33.0,15.0,GA
46150727,Adonis Ratliff,Adonis,Ratliff,2026,USC,PF,2026,PF,6-11,83,215,5.0,99.28409289331238,19.0,4.0,2.0,NY
46150869,Eric Hillsman,Eric,Hillsman,2026,,SF,2026,SF,6-6,78,180,4.0,90.190093708166,215.0,63.0,4.0,NJ
46151120,Bryce Mella,Bryce,Mella,2026,,SG,2026,SG,6-4,76,180,,,,,,UT
46152802,Archie McFadden,Archie,McFadden,2026,,PG,2026,PG,6-2,74,175,3.0,83.5,331.0,53.0,41.0,FL
46153578,Zavier Zens,Zavier,Zens,2026,Illinois,PF,2026,PF,6-7,79,215,4.0,95.26923748505729,104.0,16.0,1.0,WI
46154152,Jordan Charles,Jordan,Charles,2026,UC Santa Barbara,PG,2026,PG,6-0,72,165,3.0,86.0,292.0,44.0,18.0,AZ
46155762,Caden Symons,Caden,Symons,2026,Evansville,SG,2026,SG,6-5,77,190,3.0,83.0,332.0,58.0,1.0,ID
46156261,Jamese Jordan,Jamese,Jordan,2026,,C,2026,C,6-10,82,240,,,,,,VA
46156262,Anthony Granger,Anthony,Granger,2026,Fresno State,PF,2026,PF,6-8,80,-,,,,,,AZ
46158070,Dreylan Creasy,Dreylan,Creasy,2026,East Carolina,SF,2026,SF,6-7,79,185,4.0,93.97590361445783,134.0,45.0,7.0,VA
46158361,Michael Nee,Michael,Nee,2026,South Dakota,SG,2026,SG,6-1,73,170,3.0,86.5,286.0,52.0,7.0,IL
46158377,Noah Lewis,Noah,Lewis,2026,,PF,2026,PF,6-6,78,205,,,,,,WV
46158408,LJ Rush,LJ,Rush,2026,,PG,2026,PG,5-10,70,168,,,,,,NC
46158901,Khalib Norcome,Khalib,Norcome,2026,,SG,2026,SG,6-5,77,180,,,,,,MD
46159523,Cash Chism,Cash,Chism,2026,Vermont,CG,2026,CG,6-2,74,170,,,,,,TX
46160429,Ralph Scott,Ralph,Scott,2026,Tennessee,SF,2026,SF,6-8,80,190,5.0,97.54455950893878,70.0,26.0,12.0,FL
46160574,Devin Wright,Devin,Wright,2026,,CG,2026,CG,6-1,73,190,,,,,,CA
46161313,Zak Smrekar,Zak,Smrekar,2026,Boston College,SF,2026,SF,6-7,79,195,,,,,,SLOV
46161393,Drew Paine,Drew,Paine,2026,Northern Colorado,PF,2026,PF,6-8,80,215,,,,,,CO
46162447,Will Openshaw,Will,Openshaw,2026,BYU,PF,2026,PF,6-10,82,195,,,,,,UT
46163076,Jayon Alexander,Jayon,Alexander,2026,The Citadel,SG,2026,SG,6-2,74,180,,,,,,OH
46163208,Michael Parlow,Michael,Parlow,2026,,CG,2026,CG,6-3,75,170,,,,,,MD
46164818,Kyler Theophile,Kyler,Theophile,2026,Kennesaw State,SF,2026,SF,6-5,77,195,,,,,,FL
46166038,Mykel Bruce-McCrommon,Mykel,Bruce-McCrommon,2026,Kansas City,SF,2026,SF,6-7,79,175,,,,,,PA
46166493,Tahj Martin,Tahj,Martin,2026,Wright State,CG,2026,CG,6-2,74,-,,,,,,MD
46166751,Oliver Kanden,Oliver,Kanden,2026,Pepperdine,SF,2026,SF,6-7,79,-,,,,,,FINL
46166826,Talan Staley,Talan,Staley,2026,Bowling Green,SG,2026,SG,6-3,75,185,,,,,,SC
46167196,Arturas Butajevas,Arturas,Butajevas,2026,Florida,C,2026,C,6-9,81,-,,,,,,LITH
46128489,RJ Luis Jr.,RJ,Luis Jr.,2026,UMass,SF,2026,SF,6-7,79,215,5.0,98.0,3.0,1.0,1.0,FL
46138313,Jamison White,Jamison,White,2026,Saint Louis,PF,2026,PF,6-7,79,215,4.0,89.62382864792504,246.0,37.0,2.0,IL
46141120,Will Goode,Will,Goode,2026,Kansas City,PF,2026,PF,6-9,81,230,3.0,83.0,332.0,54.0,2.0,KS
46142022,Emmanuel Butts,Emmanuel,Butts,2026,,PF,2026,PF,6-6,78,195,,,,,,PA
46142602,Jonas Oware,Jonas,Oware,2026,Yale,C,2026,C,6-8,80,200,,,,,,CA
46143035,Dhani Miller,Dhani,Miller,2026,Kent State,SG,2026,SG,6-2,74,185,4.0,96.87311117379215,89.0,12.0,15.0,FL
46143046,Chad Cook,Chad,Cook,2026,Richmond,C,2026,C,6-8,80,220,,,,,,SC
46143334,Eli Herbert,Eli,Herbert,2026,Liberty,SG,2026,SG,6-1,73,150,3.0,84.5,319.0,57.0,9.0,MO
46146317,Drew Corrao,Drew,Corrao,2026,,PF,2026,PF,6-9,81,190,,,,,,PA
46151647,Felipe Minzer,Felipe,Minzer,2026,Austin Peay,SF,2026,SF,6-6,78,200,,,,,,ARGE
46153560,David Ugonna Ike,David,Ugonna Ike,2026,Georgia,C,2026,C,6-11,83,-,,,,,,SOUT
46153633,Keriawn Berry,Keriawn,Berry,2026,Kennesaw State,SF,2026,SF,6-5,77,200,4.0,91.29718875502007,174.0,50.0,6.0,IN
46154256,Luke West,Luke,West,2026,Utah Tech,SG,2026,SG,6-1,73,170,,,,,,UT
46156263,Mason Lockett,Mason,Lockett,2026,DePaul,SG,2026,SG,6-4,76,-,,,,,,IL
46156658,Jared Thompson,Jared,Thompson,2026,,SG,2026,SG,6-3,75,170,,,,,,FL
46158572,Joustin Reyes,Joustin,Reyes,2026,,SF,2026,SF,6-6,78,185,3.0,80.0,365.0,89.0,29.0,CA
46158904,Devan Kirk,Devan,Kirk,2026,Towson,SF,2026,SF,6-5,77,175,,,,,,TX
46160072,Nehemiah Lawrence,Nehemiah,Lawrence,2026,Hampton,PG,2026,PG,5-3,63,150,,,,,,TX
46160219,Josiah Johnson,Josiah,Johnson,2026,UC Irvine,PG,2026,PG,6-3,75,185,5.0,97.13216298863234,83.0,10.0,7.0,CA
46160247,Ethan Harris,Ethan,Harris,2026,Iowa,PF,2026,PF,6-9,81,200,4.0,94.56248181130319,114.0,19.0,2.0,WA
46162830,DeMarcus Surratt,DeMarcus,Surratt,2026,Bellarmine,SG,2026,SG,6-3,75,165,,,,,,KY
46163059,Dovydas Buika,Dovydas,Buika,2026,,SG,2026,SG,6-5,77,-,,,,,,LITH
46163253,Trent Egbiremolen,Trent,Egbiremolen,2026,Siena,CG,2026,CG,6-5,77,190,,,,,,FL
46163254,Drew Harris,Drew,Harris,2026,Brown,SF,2026,SF,6-7,79,190,,,,,,MD
46163256,Eric Turner,Eric,Turner,2026,Hampton,CG,2026,CG,6-3,75,-,,,,,,DC
46165539,Daniel Patton,Daniel,Patton,2026,Ole Miss,PF,2026,PF,6-7,79,205,3.0,87.0,278.0,43.0,16.0,TX
46165607,DJ Jackson,DJ,Jackson,2026,Kansas City,PG,2026,PG,6-2,74,180,3.0,81.0,355.0,62.0,4.0,KS
46166092,Mark Morano Mahmutovic,Mark,Morano Mahmutovic,2026,Syracuse,SF,2026,SF,6-7,79,-,4.0,92.0,161.0,47.0,5.0,SLOV
46166866,Ajak Nyuon,Ajak,Nyuon,2026,Arizona State,PF,2026,PF,6-10,82,195,,,,,,VC
46167050,Jordan Ghee,Jordan,Ghee,2026,Boston College,CG,2026,CG,6-5,77,-,,,,,,CT
46134738,Braylen Langley,Braylen,Langley,2026,,PF,2026,PF,6-9,81,195,4.0,92.73092369477912,155.0,26.0,12.0,AZ
46136625,Brannon Martinsen,Brannon,Martinsen,2026,San Diego,SF,2026,SF,6-6,78,205,4.0,90.88888888888887,190.0,54.0,20.0,CA
46140191,Brandon McCoy Jr.,Brandon,McCoy Jr.,2026,Michigan,SG,2026,SG,6-5,77,190,5.0,99.66770090395026,10.0,2.0,3.0,CA
46142153,Cameron Williams,Cameron,Williams,2026,Duke,PF,2026,PF,6-11,83,200,5.0,99.87065318128703,4.0,1.0,1.0,AZ
46142606,Elias Obenyah,Elias,Obenyah,2026,Stanford,CG,2026,CG,6-4,76,195,4.0,93.83187152176151,142.0,17.0,15.0,CA
46142901,Elton James,Elton,James,2026,Georgia Southern,PF,2026,PF,6-7,79,200,,,,,,NC
46142936,Qayden Samuels,Qayden,Samuels,2026,Alabama,SF,2026,SF,6-5,77,210,5.0,99.0410247455821,28.0,10.0,2.0,MD
46143032,Jordan Sigmon,Jordan,Sigmon,2026,Western Michigan,PG,2026,PG,5-11,71,160,4.0,90.8433734939759,193.0,23.0,4.0,IA
46143043,Imahri Wooten,Imahri,Wooten,2026,Rutgers,SF,2026,SF,6-5,77,180,4.0,90.29986613119144,209.0,60.0,10.0,NY
46146425,Jayvon Rampersant,Jayvon,Rampersant,2026,,PF,2026,PF,6-8,80,210,,,,,,NJ
46149324,Lattimore Ford,Lattimore,Ford,2026,Washington,SF,2026,SF,6-6,78,185,4.0,89.96586345381526,227.0,64.0,13.0,NC
46150064,Alex Egbuonu,Alex,Egbuonu,2026,Marquette,SF,2026,SF,6-6,78,220,4.0,96.91568951390848,88.0,33.0,4.0,MA
46150123,Luka Ioannisci,Luka,Ioannisci,2026,,SF,2026,SF,6-6,78,175,,,,,,NY
46150688,Hakeem Weems,Hakeem,Weems,2026,Georgia,C,2026,C,6-9,81,170,4.0,89.34136546184739,253.0,40.0,36.0,FL
46150808,Jermel Thomas,Jermel,Thomas,2026,Saint Louis,PG,2026,PG,6-2,74,170,4.0,91.11646586345381,178.0,20.0,8.0,NY
46151055,Zamir Paschal,Zamir,Paschal,2026,Loyola Marymount,PG,2026,PG,6-1,73,180,4.0,91.06425702811245,183.0,21.0,1.0,OR
46152051,Jaylohn Allen,Jaylohn,Allen,2026,Toledo,CG,2026,CG,6-1,73,170,3.0,82.0,337.0,39.0,3.0,MI
46152077,James Sanderson,James,Sanderson,2026,Louisiana Tech,PG,2026,PG,6-1,73,165,3.0,82.0,337.0,55.0,2.0,NH
46152092,Lance Barnes,Lance,Barnes,2026,Charlotte,CG,2026,CG,6-3,75,170,3.0,85.0,304.0,37.0,1.0,SC
46152554,Samuel Mbingazo,Samuel,Mbingazo,2026,,C,2026,C,6-9,81,230,,,,,,IA
46153631,Franck Belibi,Franck,Belibi,2026,Pacific,SG,2026,SG,6-2,74,180,4.0,89.69477911646585,243.0,41.0,1.0,CO
46155057,Parker Spees,Parker,Spees,2026,,SG,2026,SG,6-9,81,190,,,,,,CA
46156103,Parrish Edmond,Parrish,Edmond,2026,,SF,2026,SF,6-6,78,175,,,,,,CT
46157742,Gage Mayfield,Gage,Mayfield,2026,Oklahoma,PF,2026,PF,6-7,79,200,5.0,97.15423567178412,82.0,12.0,1.0,AL
46158977,Cole Edelen,Cole,Edelen,2026,Fairfield,PG,2026,PG,6-2,74,175,3.0,86.0,292.0,44.0,2.0,KY
46160371,Josh Pratt,Josh,Pratt,2026,Columbia,PG,2026,PG,6-1,73,170,3.0,84.0,321.0,50.0,6.0,PA
46160428,Sayon Keita,Sayon,Keita,2026,North Carolina,C,2026,C,6-11,83,215,5.0,98.0,54.0,6.0,1.0,SPAI
46160445,Torrey Brooks Jr.,Torrey,Brooks Jr.,2026,Monmouth,PG,2026,PG,6-1,73,165,4.0,92.3293172690763,159.0,16.0,13.0,AZ
46161915,Boyuan Zhang,Boyuan,Zhang,2026,Louisville,SF,2026,SF,6-8,80,205,5.0,98.24479635375393,49.0,18.0,5.0,CA
46163072,Ernas Valauskas,Ernas,Valauskas,2026,Dartmouth,SG,2026,SG,6-4,76,170,,,,,,TN
46163226,Carter Fisk,Carter,Fisk,2026,,CG,2026,CG,6-2,74,175,,,,,,MD
46163252,Robbie Long,Robbie,Long,2026,Loyola Maryland,CG,2026,CG,6-3,75,-,,,,,,OR
46163270,Akim Iscandari,Akim,Iscandari,2026,Navy,PG,2026,PG,6-0,72,180,,,,,,VA
46164440,Christian Matos,Christian,Matos,2026,Chattanooga,PG,2026,PG,6-2,74,170,,,,,,KS
46164794,Keoni Sacco,Keoni,Sacco,2026,Saint Joseph's,PF,2026,PF,6-8,80,210,,,,,,VA
46166443,Nathan Ramus,Nathan,Ramus,2026,Northern Illinois,PG,2026,PG,6-1,73,180,,,,,,WI
46136627,Maximo Adams,Maximo,Adams,2026,North Carolina,SF,2026,SF,6-7,79,205,5.0,99.13240475838694,25.0,8.0,4.0,CA
46137821,Quincy Wadley,Quincy,Wadley,2026,Oklahoma,SG,2026,SG,6-4,76,185,5.0,98.16017693964261,52.0,9.0,6.0,AZ
46138105,Che Brogan,Che,Brogan,2026,Ohio,SF,2026,SF,6-5,77,170,,,,,,CA
46138206,DaKari Spear,DaKari,Spear,2026,Texas Tech,SG,2026,SG,6-5,77,190,5.0,99.0231606470475,29.0,5.0,3.0,TX
46142603,Christian Collins,Christian,Collins,2026,USC,PF,2026,PF,6-8,80,200,5.0,99.74797741691403,7.0,2.0,2.0,CA
46143034,Cameron Ryans,Cameron,Ryans,2026,Austin Peay,SF,2026,SF,6-5,77,175,3.0,88.88152610441767,265.0,71.0,1.0,MI
46143143,Ladarius Givan,Ladarius,Givan,2026,UCF,C,2026,C,6-8,80,215,4.0,89.76974564926373,237.0,39.0,12.0,VA
46143342,Tristen Wilson,Tristen,Wilson,2026,,CG,2026,CG,6-2,74,175,,,,,,MD
46143343,Anthony Felesi,Anthony,Felesi,2026,Oklahoma State,SF,2026,SF,6-5,77,205,5.0,98.68199665999562,36.0,13.0,1.0,UT
46143738,Jahadi White Jr.,Jahadi,White Jr.,2026,,C,2026,C,6-8,80,220,3.0,87.33333333333333,277.0,42.0,4.0,IL
46143757,Dezhon Hall,Dezhon,Hall,2026,,PG,2026,PG,6-3,75,185,3.0,88.12048192771084,270.0,39.0,10.0,IN
46143862,Yohance Connor,Yohance,Connor,2026,Ole Miss,CG,2026,CG,6-2,74,170,4.0,91.10843373493977,179.0,22.0,7.0,NC
46144021,Vincent Osazee,Vincent,Osazee,2026,Pacific,PF,2026,PF,6-7,79,-,,,,,,MA
46144715,Gallagher Placide,Gallagher,Placide,2026,Wake Forest,PF,2026,PF,6-8,80,205,4.0,96.616880006089,97.0,14.0,7.0,TX
46147756,Ethan Brown,Ethan,Brown,2026,Illinois,CG,2026,CG,6-4,76,180,4.0,90.51539491298529,204.0,25.0,8.0,MO
46148008,JoJo Mitchell,JoJo,Mitchell,2026,St. Thomas,PG,2026,PG,6-1,73,170,,,,,,MN
46149054,Will Stevens,Will,Stevens,2026,Clemson,C,2026,C,6-10,82,200,4.0,93.37145236464251,147.0,26.0,3.0,NC
46149960,Obinna Ekezie Jr.,Obinna,Ekezie Jr.,2026,Louisville,C,2026,C,7-0,84,220,5.0,99.55393480275616,14.0,1.0,3.0,FL
46150028,Ethan Johnston,Ethan,Johnston,2026,Marquette,SG,2026,SG,6-6,78,185,4.0,90.53815261044177,201.0,30.0,3.0,PA
46150042,Cody Peck,Cody,Peck,2026,Dayton,C,2026,C,6-10,82,205,4.0,96.44302964365825,99.0,15.0,2.0,NC
46150803,Josh Powell,Josh,Powell,2026,,SF,2026,SF,6-5,77,190,,,,,,CA
46150859,Silas Rodriguez,Silas,Rodriguez,2026,UT Tyler,SG,2026,SG,6-2,74,180,,,,,,TX
46151024,Keyshawn Summerville,Keyshawn,Summerville,2026,,PG,2026,PG,5-10,70,-,,,,,,MI
46151130,Jacob Williford,Jacob,Williford,2026,,SF,2026,SF,6-4,76,185,3.0,84.0,321.0,80.0,21.0,AZ
46151578,Darnell Lloyd,Darnell,Lloyd,2026,Boston University,C,2026,C,6-9,81,195,3.0,84.0,321.0,44.0,6.0,PA
46152180,Darren Moore,Darren,Moore,2026,South Florida,PG,2026,PG,6-1,73,170,3.0,80.0,508.0,67.0,12.0,MD
46158313,Jerry Johnson,Jerry,Johnson,2026,,SG,2026,SG,6-4,76,165,,,,,,PA
46158887,Gavin Lowe,Gavin,Lowe,2026,UC Irvine,PG,2026,PG,5-11,71,160,,,,,,UT
46159672,Theo Edema,Theo,Edema,2026,St. John's,C,2026,C,6-11,83,235,5.0,97.33972680017729,77.0,13.0,3.0,MA
46160244,Jemai Lake,Jemai,Lake,2026,Montana,CG,2026,CG,6-2,74,170,3.0,86.0,292.0,32.0,2.0,OR
46160575,Denton Forsythe,Denton,Forsythe,2026,Tulsa,PG,2026,PG,6-1,73,185,3.0,85.0,304.0,46.0,5.0,OK
46160601,Jaden Bailes,Jaden,Bailes,2026,Seattle,CG,2026,CG,6-2,74,185,3.0,85.0,304.0,37.0,27.0,CA
46161261,Lamin Foon,Lamin,Foon,2026,Texas A&M Corpus Christi,C,2026,C,6-11,83,205,,,,,,TX
46161388,Jack Kayil,Jack,Kayil,2026,Gonzaga,CG,2026,CG,6-5,77,185,4.0,92.0,161.0,19.0,5.0,GERM
46161442,Anthony Hester,Anthony,Hester,2026,Arkansas State,SG,2026,SG,6-6,78,200,,,,,,AR
46162484,Simeon Suguturaga,Simeon,Suguturaga,2026,Utah,SG,2026,SG,6-4,76,200,,,,,,UT
46165483,Antoine Almuttar,Antoine,Almuttar,2026,Northwestern State,SF,2026,SF,6-4,76,210,,,,,,TX
46166020,Narcisse Ngoy,Narcisse,Ngoy,2026,Auburn,C,2026,C,6-10,82,-,,,,,,FRAN
46166103,Roko Prkacin,Roko,Prkacin,2026,Penn State,PF,2026,PF,6-9,81,225,,,,,,CROA
46166104,Francois Wibaut,Francois,Wibaut,2026,Penn State,SF,2026,SF,6-6,78,205,,,,,,FRAN
46140708,Deron Rippey Jr.,Deron,Rippey Jr.,2026,Duke,PG,2026,PG,6-2,74,175,5.0,99.58742439098647,12.0,1.0,1.0,NJ
46141226,Sinan Huan,Sinan,Huan,2026,Purdue,C,2026,C,7-0,84,225,5.0,97.61592635872364,67.0,11.0,3.0,MD
46141320,Jonathan Sanderson,Jonathan,Sanderson,2026,Notre Dame,PG,2026,PG,6-2,74,170,5.0,97.44874705063285,75.0,7.0,3.0,IN
46143030,Ashton Pierce,Ashton,Pierce,2026,Sacramento State,SG,2026,SG,6-3,75,170,4.0,89.53012048192771,248.0,43.0,14.0,NC
46143227,Kosi Mgbejiofor,Kosi,Mgbejiofor,2026,,C,2026,C,6-10,82,205,,,,,,VA
46143233,Isaiah Rogers,Isaiah,Rogers,2026,Stanford,CG,2026,CG,6-2,74,165,4.0,94.54817262360478,115.0,13.0,9.0,CA
46144346,DJ Ogoemeka,DJ,Ogoemeka,2026,,C,2026,C,7-0,84,220,,,,,,UT
46144424,Dorion Bowen,Dorion,Bowen,2026,,CG,2026,CG,6-5,77,185,,,,,,TN
46145034,Luca Foster,Luca,Foster,2026,Gonzaga,SF,2026,SF,6-5,77,185,5.0,98.15117773211016,53.0,20.0,5.0,MO
46145486,Josh Manchester,Josh,Manchester,2026,Wisconsin,CG,2026,CG,6-2,74,160,,,,,,WI
46147991,Caeden Hutcherson,Caeden,Hutcherson,2026,,SG,2026,SG,6-5,77,180,3.0,85.0,304.0,54.0,19.0,AZ
46149079,Trevon Carter-Givens,Trevon,Carter-Givens,2026,Creighton,C,2026,C,6-11,83,190,4.0,93.85776774881019,141.0,23.0,14.0,CA
46149307,Adam Tyson,Adam,Tyson,2026,,SF,2026,SF,6-6,78,180,4.0,90.84203480589024,194.0,55.0,22.0,CA
46149543,Preston Wade,Preston,Wade,2026,,PF,2026,PF,6-9,81,205,4.0,93.90810958437987,138.0,23.0,25.0,FL
46150333,Sam Hallas,Sam,Hallas,2026,,PF,2026,PF,6-7,79,200,,,,,,FL
46150677,Favour Ibe,Favour,Ibe,2026,Virginia,C,2026,C,7-1,85,235,4.0,93.6217556961402,143.0,24.0,5.0,MD
46150813,Abdou Toure,Abdou,Toure,2026,Arkansas,SF,2026,SF,6-5,77,200,5.0,99.56732168361293,13.0,5.0,1.0,CT
46150815,Jalyn Collingwood,Jalyn,Collingwood,2026,Mississippi State,SF,2026,SF,6-5,77,190,4.0,94.20494911642108,125.0,43.0,2.0,DC
46151114,Rajan Roberts,Rajan,Roberts,2026,Valparaiso,PG,2026,PG,6-1,73,170,3.0,88.70080321285141,266.0,37.0,16.0,AZ
46151560,John Mattingly,John,Mattingly,2026,Nevada,PG,2026,PG,6-0,72,175,3.0,82.0,337.0,55.0,22.0,AZ
46152318,Heimir Helgason,Heimir,Helgason,2026,UMass,PF,2026,PF,6-9,81,190,,,,,,FL
46153609,Kuol Deng,Kuol,Deng,2026,,C,2026,C,6-10,82,210,4.0,89.80722891566263,235.0,38.0,11.0,VA
46153642,Adrian Montague,Adrian,Montague,2026,,PG,2026,PG,5-10,70,165,,,,,,OR
46154585,Marcus Vaughns,Marcus,Vaughns,2026,LSU,SF,2026,SF,6-8,80,221,4.0,91.5,169.0,48.0,7.0,AUST
46154673,Kenneth Francis Jr.,Kenneth,Francis Jr.,2026,Brown,SG,2026,SG,6-5,77,190,,,,,,FL
46155431,Manu Manciel,Manu,Manciel,2026,Stephen F. Austin,SG,2026,SG,6-3,75,180,4.0,89.93574297188756,230.0,35.0,8.0,UT
46156159,Jaxson Thompson,Jaxson,Thompson,2026,Rice,CG,2026,CG,6-1,73,165,3.0,86.0,292.0,32.0,19.0,TX
46157543,Collin Ross,Collin,Ross,2026,VCU,PF,2026,PF,6-9,81,200,4.0,95.19231888535188,107.0,17.0,7.0,OH
46157919,Mikehi Williams,Mikehi,Williams,2026,Cornell,SF,2026,SF,6-5,77,210,,,,,,GA
46157921,Alex Davis,Alex,Davis,2026,,C,2026,C,6-8,80,205,,,,,,FL
46158343,Jayden Slaughter,Jayden,Slaughter,2026,,SF,2026,SF,6-5,77,180,,,,,,AR
46159085,Cahlil Jones,Cahlil,Jones,2026,,PG,2026,PG,6-2,74,185,,,,,,WI
46161211,Malachi Brown,Malachi,Brown,2026,Michigan,SF,2026,SF,6-5,77,185,4.0,91.06827309236948,182.0,52.0,5.0,TN
46161392,Madden Smiley,Madden,Smiley,2026,Wyoming,CG,2026,CG,6-4,76,180,,,,,,CO
46161748,Cam Hailey,Cam,Hailey,2026,UMass,PG,2026,PG,5-11,71,175,,,,,,MA
46162417,Lyndell Buckingham Jr.,Lyndell,Buckingham Jr.,2026,Jacksonville,CG,2026,CG,6-2,74,170,,,,,,TX
46162483,Shia Francis,Shia,Francis,2026,Eastern Illinois,SG,2026,SG,6-1,73,195,,,,,,TX
46163656,Vuk Lazarevic,Vuk,Lazarevic,2026,Ohio State,C,2026,C,7-1,85,200,,,,,,SERB
46164581,Mathias Alessanco,Mathias,Alessanco,2026,,PF,2026,PF,6-8,80,235,,,,,,GA
46165484,Armon Almuttar,Armon,Almuttar,2026,Northwestern State,SF,2026,SF,6-4,76,210,,,,,,TX
46165608,Cameron Love,Cameron,Love,2026,Kansas City,SF,2026,SF,6-4,76,180,3.0,82.0,337.0,85.0,3.0,KS
46166460,Lazar Stojkovic,Lazar,Stojkovic,2026,St. John's,PF,2026,PF,6-10,82,-,,,,,,SERB
46166554,Alexandros Alexakis,Alexandros,Alexakis,2026,High Point,SG,2026,SG,6-3,75,185,,,,,,CA
46166889,Jeremy Nyakundi,Jeremy,Nyakundi,2026,Arkansas-Pine Bluff,PF,2026,PF,6-7,79,220,,,,,,TX
46167125,Endurance Aiyamenkhue,Endurance,Aiyamenkhue,2026,Arizona,C,2026,C,6-11,83,200,,,,,,NETH
46103341,Bryson Warren,Bryson,Warren,2026,Texas A&M,CG,2026,CG,6-3,75,191,4.0,95.0,109.0,11.0,6.0,NY
46135190,Bo Ogden,Bo,Ogden,2026,Texas,SF,2026,SF,6-5,77,195,5.0,98.43883896791176,44.0,16.0,5.0,TX
46135998,Isaiah Ward,Isaiah,Ward,2026,UTEP,PF,2026,PF,6-6,78,185,3.0,86.44444444444444,290.0,47.0,18.0,TX
46136811,Alex Barther,Alex,Barther,2026,,SG,2026,SG,6-4,76,165,3.0,85.44444444444444,303.0,53.0,24.0,TX
46139365,Cole Cloer,Cole,Cloer,2026,NC State,SF,2026,SF,6-7,79,190,4.0,96.74358974358974,93.0,35.0,17.0,FL
46140449,JJ Andrews,JJ,Andrews,2026,Arkansas,SF,2026,SF,6-6,78,220,5.0,99.48485133398701,16.0,6.0,1.0,AR
46140831,Dylan Mingo,Dylan,Mingo,2026,Baylor,CG,2026,CG,6-5,77,190,5.0,99.65874646859454,11.0,3.0,1.0,NY
46142151,Lincoln Cosby,Lincoln,Cosby,2026,Michigan,SF,2026,SF,6-8,80,195,5.0,98.45889690310854,42.0,15.0,8.0,FL
46142735,Ikenna Alozie,Ikenna,Alozie,2026,Houston,CG,2026,CG,6-2,74,185,5.0,98.43207836921823,46.0,6.0,5.0,AZ
46142861,Dean Rueckert,Dean,Rueckert,2026,BYU,SF,2026,SF,6-8,80,179,5.0,97.28353771832035,80.0,30.0,4.0,UT
46143039,Silas Devonish,Silas,Devonish,2026,,PG,2026,PG,5-9,69,155,,,,,,VA
46143331,Moustapha Diop,Moustapha,Diop,2026,Georgia Tech,C,2026,C,6-10,82,215,4.0,94.32147318370473,121.0,19.0,5.0,GA
46143341,Al'Tariq Reevey,Al'Tariq,Reevey,2026,,C,2026,C,6-8,80,200,3.0,87.8888888888889,274.0,41.0,5.0,NJ
46143352,Cedric Tomes,Cedric,Tomes,2026,Minnesota,PG,2026,PG,6-0,72,160,3.0,88.0,272.0,41.0,6.0,MN
46143729,Jamyn Sodrup,Jamyn,Sodrup,2026,,C,2026,C,6-9,81,210,,,,,,UT
46143759,Brennan Miller,Brennan,Miller,2026,SIU Edwardsville,PF,2026,PF,6-7,79,210,3.0,81.0,355.0,57.0,13.0,IN
46143764,Ethan Sheats,Ethan,Sheats,2026,Omaha,PF,2026,PF,6-8,80,185,,,,,,TX
46143857,Symon Ghai,Symon,Ghai,2026,Northwestern,C,2026,C,7-3,87,210,4.0,91.92976588628763,163.0,33.0,28.0,FL
46144405,Keonte Greybear,Keonte,Greybear,2026,West Virginia,CG,2026,CG,6-2,74,180,4.0,90.35341365461848,208.0,27.0,12.0,TX
46148847,Anthony Spencer,Anthony,Spencer,2026,,C,2026,C,6-8,80,185,3.0,82.0,337.0,47.0,30.0,TX
46149092,Cello Jackson,Cello,Jackson,2026,Memphis,SF,2026,SF,6-4,76,205,4.0,90.94243641231593,188.0,53.0,32.0,FL
46149690,Aziz Olajuwon,Aziz,Olajuwon,2026,Stanford,SF,2026,SF,6-7,79,210,5.0,97.56904988963659,69.0,25.0,11.0,FL
46150037,Aliou Dioum,Aliou,Dioum,2026,West Virginia,C,2026,C,6-10,82,200,4.0,93.45492561102827,145.0,25.0,11.0,AZ
46150191,Vaughn Karvala,Vaughn,Karvala,2026,Indiana,SF,2026,SF,6-6,78,180,5.0,97.79653731984796,61.0,23.0,7.0,AZ
46150527,Lucas Morillo,Lucas,Morillo,2026,Illinois,SG,2026,SG,6-7,79,180,5.0,98.38081422680689,47.0,8.0,2.0,MA
46150799,Keeper Jackson,Keeper,Jackson,2026,Georgia State,PF,2026,PF,6-8,80,215,4.0,89.2008032128514,257.0,40.0,7.0,TN
46150909,Jasiah Cannady,Jasiah,Cannady,2026,UMass Lowell,PG,2026,PG,6-1,73,170,4.0,89.62248995983936,247.0,32.0,8.0,MD
46151235,Jayson Peterson,Jayson,Peterson,2026,UTSA,PF,2026,PF,6-8,80,205,4.0,89.8855421686747,232.0,34.0,7.0,MD
46151883,Trey Pearson,Trey,Pearson,2026,High Point,PG,2026,PG,6-2,74,170,4.0,91.3748326639893,171.0,18.0,4.0,TN
46152178,Desmond Bellot,Desmond,Bellot,2026,Fordham,SG,2026,SG,6-3,75,170,4.0,90.18072289156626,216.0,32.0,8.0,MA
46153580,Ben Akoro,Ben,Akoro,2026,,PF,2026,PF,6-7,79,-,,,,,,IL
46154592,Tre Paulding,Tre,Paulding,2026,Drexel,SF,2026,SF,6-5,77,200,,,,,,MO
46155086,Jonny Jordan,Jonny,Jordan,2026,Omaha,PG,2026,PG,6-3,75,175,3.0,82.0,337.0,55.0,10.0,MO
46155785,Reece Davidson,Reece,Davidson,2026,Liberty,PF,2026,PF,6-7,79,220,3.0,86.0,292.0,49.0,2.0,KY
46157737,Adonai Tyrance,Adonai,Tyrance,2026,,PF,2026,PF,6-7,79,195,,,,,,NC
46157778,Jordan Williams,Jordan,Williams,2026,Illinois State,SF,2026,SF,6-6,78,200,3.0,84.0,321.0,80.0,9.0,IL
46157779,Rashan Porter,Rashan,Porter,2026,,PF,2026,PF,6-7,79,205,,,,,,IL
46157938,Trevor Manhertz,Trevor,Manhertz,2026,Indiana,SF,2026,SF,6-8,80,185,5.0,97.46204438713606,74.0,29.0,1.0,NC
46158902,Sawyer Dotson,Sawyer,Dotson,2026,Lipscomb,PF,2026,PF,6-7,79,200,3.0,84.5,319.0,53.0,27.0,TX
46159083,Lane Webster,Lane,Webster,2026,,PF,2026,PF,6-8,80,205,,,,,,AR
46160441,Cheick Sylla,Cheick,Sylla,2026,UMass,C,2026,C,6-9,81,240,,,,,,ME
46161315,Miles Flemons,Miles,Flemons,2026,Drake,C,2026,C,6-7,79,255,3.0,85.0,304.0,43.0,5.0,OK
46162824,Tayshaun Williams,Tayshaun,Williams,2026,,SG,2026,SG,6-4,76,180,,,,,,TX
46163235,Blake Ellwein,Blake,Ellwein,2026,South Dakota State,PF,2026,PF,6-9,81,230,,,,,,SD
46163333,Trace Westercamp,Trace,Westercamp,2026,Florida Gulf Coast,PF,2026,PF,6-9,81,195,,,,,,FL
46165533,Malik Gillespie,Malik,Gillespie,2026,Morehead State,CG,2026,CG,6-2,74,175,,,,,,GA
46165939,Rylan Kelly,Rylan,Kelly,2026,Sam Houston,SG,2026,SG,6-3,75,185,,,,,,TX
46166115,Cameron Brown,Cameron,Brown,2026,,SG,2026,SG,6-6,78,200,,,,,,TN
46166202,Haiden Harper,Haiden,Harper,2026,Georgia Tech,PG,2026,PG,6-1,73,155,,,,,,AL
46166323,Quinn Ellis,Quinn,Ellis,2026,St. John's,PG,2026,PG,6-4,76,172,,,,,,ENGL
46166344,Abdramane Siby,Abdramane,Siby,2026,Syracuse,C,2026,C,6-11,83,210,,,,,,SERB
46167211,Mantas Laurencikas,Mantas,Laurencikas,2026,Texas,PG,2026,PG,6-3,75,-,,,,,,LITH
46134327,Christopher Washington Jr.,Christopher,Washington Jr.,2026,Tennessee,SF,2026,SF,6-9,81,195,5.0,98.20915770103828,51.0,19.0,1.0,TN
46137479,Adam Oumiddoch,Adam,Oumiddoch,2026,Villanova,SG,2026,SG,6-5,77,180,5.0,97.79882070086366,60.0,10.0,3.0,GA
46138675,Marcus Johnson,Marcus,Johnson,2026,South Carolina,PG,2026,PG,6-2,74,180,5.0,97.42425666993505,76.0,8.0,5.0,OH
46141016,Toni Bryant,Toni,Bryant,2026,Missouri,PF,2026,PF,6-9,81,215,5.0,99.28185428447345,20.0,5.0,5.0,FL
46142629,Collin Paul,Collin,Paul,2026,Florida State,SF,2026,SF,6-7,79,225,4.0,94.06655831799885,130.0,44.0,23.0,FL
46142655,Jonny Collins,Jonny,Collins,2026,,CG,2026,CG,6-1,73,165,,,,,,NV
46142772,Andrew Hilman,Andrew,Hilman,2026,San Francisco,SG,2026,SG,6-4,76,180,4.0,90.86211512717536,192.0,28.0,21.0,CA
46142819,Christian Gibson,Christian,Gibson,2026,,SF,2026,SF,6-5,77,190,4.0,94.45670306644638,118.0,41.0,8.0,TX
46143252,Willie Burnett III,Willie,Burnett III,2026,Mississippi State,CG,2026,CG,6-4,76,175,4.0,96.79511804184408,91.0,9.0,6.0,VA
46143329,Justin Caldwell,Justin,Caldwell,2026,Georgetown,PF,2026,PF,6-9,81,235,4.0,93.3357689397501,148.0,24.0,4.0,NC
46143596,Yusef Gray Jr.,Yusef,Gray Jr.,2026,Iowa State,PG,2026,PG,6-3,75,170,4.0,90.52744310575635,202.0,25.0,2.0,WI
46144022,Gavin Placide,Gavin,Placide,2026,Wake Forest,PF,2026,PF,6-9,81,220,5.0,97.2212148482447,81.0,11.0,6.0,TX
46144324,Chace Holley,Chace,Holley,2026,Pepperdine,PG,2026,PG,6-0,72,160,3.0,85.0,304.0,46.0,27.0,CA
46146160,Nas Rankin,Nas,Rankin,2026,Illinois,PG,2026,PG,6-0,72,170,,,,,,IL
46147378,Lincoln Williams,Lincoln,Williams,2026,,SF,2026,SF,6-5,77,180,4.0,90.81392235609103,196.0,56.0,1.0,IL
46147382,Tobias Brinkley,Tobias,Brinkley,2026,Tulane,CG,2026,CG,6-5,77,170,,,,,,GA
46150038,Landyn Colyer,Landyn,Colyer,2026,Middle Tennessee,SG,2026,SG,6-6,78,180,4.0,92.74358526637207,154.0,21.0,27.0,FL
46150667,Jackson Sheffield,Jackson,Sheffield,2026,Vanderbilt,C,2026,C,6-9,81,240,4.0,96.12371447887425,102.0,16.0,2.0,AL
46151686,Sam Simmons Jr.,Sam,Simmons Jr.,2026,Richmond,PG,2026,PG,5-9,69,160,3.0,86.5,286.0,43.0,1.0,KS
46153561,Fred Smith Jr.,Fred,Smith Jr.,2026,Memphis,PF,2026,PF,6-6,78,210,4.0,96.53432011210953,98.0,15.0,2.0,TN
46158304,Eli Sancomb,Eli,Sancomb,2026,Liberty,CG,2026,CG,6-5,77,190,4.0,93.98263734984532,133.0,16.0,1.0,WV
46158903,Brayden Jones,Brayden,Jones,2026,,CG,2026,CG,6-1,73,170,,,,,,TX
46159934,Kensington Candler,Kensington,Candler,2026,Stephen F. Austin,CG,2026,CG,6-1,73,165,,,,,,TX
46162227,Brayde Kuykendall,Brayde,Kuykendall,2026,Santa Clara,PG,2026,PG,6-5,77,180,,,,,,CA
46163074,Jackson Williams,Jackson,Williams,2026,Duquesne,SG,2026,SG,6-4,76,170,,,,,,OH
46164783,Jhett Carter,Jhett,Carter,2026,Wofford,SF,2026,SF,6-5,77,190,,,,,,VA
46166306,Amadou Seini,Amadou,Seini,2026,West Virginia,C,2026,C,7-1,85,230,5.0,97.74961607858414,64.0,9.0,8.0,AZ
46166409,Djordije Jovanovic,Djordije,Jovanovic,2026,St. John's,SF,2026,SF,6-7,79,190,,,,,,MONN
46166999,Andy Gemao,Andy,Gemao,2026,Penn State,PG,2026,PG,6-1,73,170,,,,,,OH
46167127,Dominykas Daubaris,Dominykas,Daubaris,2026,California,PF,2026,PF,6-9,81,215,,,,,,LITH
46167197,Ousmane N'Diaye,Ousmane,N'Diaye,2026,Kentucky,C,2026,C,6-11,83,-,,,,,,SENE
46136894,Tyran Stokes,Tyran,Stokes,2026,Kansas,SF,2026,SF,6-7,79,230,5.0,100.0,1.0,1.0,1.0,WA
46138174,Keiner Asprilla,Keiner,Asprilla,2026,,C,2026,C,7-0,84,270,,,,,,NJ
46138459,TJ Crumble,TJ,Crumble,2026,North Texas,PF,2026,PF,6-7,79,210,4.0,90.90227576974564,189.0,30.0,9.0,NY
46139510,Boden Williams,Boden,Williams,2026,Oral Roberts,CG,2026,CG,6-2,74,170,3.0,87.5,275.0,30.0,3.0,OK
46141624,Raheem Bradley,Raheem,Bradley,2026,,PG,2026,PG,5-10,70,150,,,,,,WI
46142656,Mason Magee,Mason,Magee,2026,San Francisco,PG,2026,PG,6-0,72,165,4.0,90.50066934404283,205.0,26.0,15.0,AZ
46143040,Mavrick Hawkins,Mavrick,Hawkins,2026,Vanderbilt,CG,2026,CG,6-2,74,180,,,,,,MO
46143224,Martechio Hayes,Martechio,Hayes,2026,,SG,2026,SG,6-4,76,170,4.0,89.01874163319947,261.0,45.0,8.0,TN
46143859,Jordan Skyers,Jordan,Skyers,2026,Norfolk State,CG,2026,CG,6-2,74,175,4.0,90.55153949129853,200.0,24.0,3.0,CT
46144540,JRob Croy,JRob,Croy,2026,Arizona State,CG,2026,CG,6-5,77,190,4.0,94.13291963841989,128.0,15.0,12.0,CA
46144619,Eddie Smajic,Eddie,Smajic,2026,,SG,2026,SG,6-6,78,205,,,,,,MO
46144958,Rassell Young,Rassell,Young,2026,Alcorn State,PG,2026,PG,6-2,74,160,3.0,82.0,337.0,55.0,17.0,NC
46148954,Anthony Thompson,Anthony,Thompson,2026,Ohio State,SF,2026,SF,6-8,80,205,5.0,99.71900981853837,8.0,3.0,1.0,OH
46148959,Ryan Kreager,Ryan,Kreager,2026,Loyola,C,2026,C,6-10,82,210,4.0,90.11780455153949,220.0,36.0,3.0,MN
46149464,Ashton Meeks,Ashton,Meeks,2026,James Madison,CG,2026,CG,5-10,70,165,4.0,90.47389558232932,206.0,26.0,6.0,MD
46150356,Bruce Branch III,Bruce,Branch III,2026,BYU,SF,2026,SF,6-7,79,190,5.0,99.8438794195735,5.0,2.0,2.0,FL
46152172,Sammy Jackson,Sammy,Jackson,2026,VCU,SF,2026,SF,6-7,79,205,5.0,97.85908405080745,58.0,21.0,1.0,PA
46154156,Ryan Moesch,Ryan,Moesch,2026,Syracuse,PG,2026,PG,6-0,72,170,4.0,91.25435073627845,175.0,19.0,6.0,MA
46154589,Gan-Erdene Solongo,Gan-Erdene,Solongo,2026,Notre Dame,C,2026,C,7-0,84,230,4.0,93.02931234413684,150.0,27.0,5.0,IN
46155250,Jaden Ghoreishi,Jaden,Ghoreishi,2026,Colorado State,C,2026,C,6-9,81,215,4.0,90.08232931726909,221.0,37.0,4.0,WA
46158675,Nolen Anderson,Nolen,Anderson,2026,Minnesota,SF,2026,SF,6-6,78,180,4.0,95.22578608749379,106.0,40.0,1.0,MN
46160456,Isaiah Wilks,Isaiah,Wilks,2026,Louisiana,PG,2026,PG,5-9,69,160,4.0,90.12048192771084,219.0,30.0,2.0,OK
46160600,Caden Deffebaugh,Caden,Deffebaugh,2026,New Mexico State,SF,2026,SF,6-4,76,185,,,,,,TX
46161869,Amare Hereford,Amare,Hereford,2026,Milwaukee,CG,2026,CG,6-2,74,175,,,,,,WI
46162176,Dorian Rinaldo-Komlan,Dorian,Rinaldo-Komlan,2026,Iowa State,C,2026,C,6-10,82,215,4.0,96.63758713784907,96.0,14.0,6.0,OH
46166807,Jose Martins,Jose,Martins,2026,Western Carolina,PG,2026,PG,6-2,74,165,,,,,,TX
46167195,Domen Petrovic,Domen,Petrovic,2026,Florida,PF,2026,PF,6-9,81,-,,,,,,SLOV
46129271,Kota Suttle,Kota,Suttle,2026,UNLV,CG,2026,CG,6-3,75,192,4.0,89.44042838018743,249.0,29.0,23.0,CA
46134378,AJ Williams,AJ,Williams,2026,,SF,2026,SF,6-7,79,180,,,,,,NJ
46135532,Jayden Johnson,Jayden,Johnson,2026,South Florida,SG,2026,SG,6-6,78,180,4.0,89.71619812583668,241.0,40.0,1.0,KY
46136410,Trevaun Clark,Trevaun,Clark,2026,,PF,2026,PF,6-7,79,180,,,,,,TX
46136810,Talon Todd,Talon,Todd,2026,Austin Peay,PG,2026,PG,6-0,72,160,3.0,82.0,337.0,55.0,30.0,TX
46136953,Nasir Price,Nasir,Price,2026,UTSA,SG,2026,SG,6-3,75,155,4.0,89.90093708165996,231.0,36.0,15.0,TX
46136996,Aiden Derkack,Aiden,Derkack,2026,Dayton,SG,2026,SG,6-6,78,180,5.0,97.531172628082,71.0,11.0,4.0,OH
46137841,Kalek House,Kalek,House,2026,Xavier,SG,2026,SG,6-3,75,180,4.0,96.68354577731215,94.0,14.0,9.0,AZ
46141694,Ashton McCullough,Ashton,McCullough,2026,East Carolina,PG,2026,PG,6-3,75,170,,,,,,CA
46142154,Jaron Saulsberry,Jaron,Saulsberry,2026,Ole Miss,SF,2026,SF,6-6,78,170,4.0,90.76840696117806,197.0,57.0,12.0,GA
46142605,Zach White,Zach,White,2026,San Diego State,SF,2026,SF,6-5,77,165,4.0,89.40160642570281,250.0,69.0,24.0,CA
46142619,Parker Robinson,Parker,Robinson,2026,Oklahoma State,SG,2026,SG,6-4,76,200,4.0,91.02275769745648,186.0,27.0,11.0,GA
46143028,Dionte Neal,Dionte,Neal,2026,UNC Greensboro,PG,2026,PG,5-9,69,150,4.0,92.80209354698616,153.0,15.0,6.0,NC
46143132,Dothan Ijadimbola,Dothan,Ijadimbola,2026,Drake,SF,2026,SF,6-6,78,180,4.0,89.82864792503347,234.0,67.0,4.0,MN
46143432,Ethan Mgbako,Ethan,Mgbako,2026,Vanderbilt,SF,2026,SF,6-6,78,215,5.0,97.50220502970633,72.0,27.0,5.0,VA
46143540,Felipe Quinones,Felipe,Quinones,2026,Florida Atlantic,CG,2026,CG,6-4,76,180,4.0,96.25968757975045,101.0,10.0,19.0,FL
46143772,Korie Corbett,Korie,Corbett,2026,UAB,SF,2026,SF,6-4,76,170,4.0,89.8433734939759,233.0,66.0,10.0,VA
46145734,Ethan Long,Ethan,Long,2026,,PF,2026,PF,6-8,80,190,,,,,,AR
46146669,Andre Tyler,Andre,Tyler,2026,,SF,2026,SF,6-5,77,180,3.0,85.0,304.0,76.0,19.0,AZ
46147197,Derrick Morton-Rivera,Derrick,Morton-Rivera,2026,Temple,SG,2026,SG,6-3,75,160,4.0,89.72489959839358,240.0,39.0,4.0,PA
46147250,Xavier Muhammad,Xavier,Muhammad,2026,,PF,2026,PF,6-4,76,275,,,,,,TX
46147751,Shane Pendergrass,Shane,Pendergrass,2026,George Mason,PF,2026,PF,6-8,80,210,4.0,93.96762076175382,135.0,20.0,8.0,VA
46149289,Martay Barnes,Martay,Barnes,2026,Florida State,CG,2026,CG,6-2,74,170,5.0,97.12513375687813,84.0,8.0,13.0,FL
46149308,Tim Winkler,Tim,Winkler,2026,,C,2026,C,6-10,82,210,,,,,,FL
46149991,Herly Brutus,Herly,Brutus,2026,Butler,SF,2026,SF,6-5,77,180,4.0,94.22478319073396,124.0,42.0,22.0,FL
46150057,Jeremiah Jackson,Jeremiah,Jackson,2026,Southern Illinois,SF,2026,SF,6-4,76,190,3.0,81.0,355.0,87.0,5.0,KY
46151687,Carter Basquez,Carter,Basquez,2026,,SF,2026,SF,6-5,77,175,3.0,84.0,321.0,80.0,1.0,NM
46152176,Xavier Roberson,Xavier,Roberson,2026,Sam Houston,PF,2026,PF,6-7,79,190,3.0,81.0,355.0,57.0,34.0,TX
46153422,Bryson Howard,Bryson,Howard,2026,Duke,SG,2026,SG,6-4,76,188,5.0,99.26403495811563,22.0,4.0,1.0,TX
46154133,Nash Walker,Nash,Walker,2026,Marquette,SG,2026,SG,6-6,78,175,,,,,,AUST
46157726,Isaiah Brown,Isaiah,Brown,2026,North Florida,C,2026,C,6-9,81,190,,,,,,FL
46157780,Rashaun Porter,Rashaun,Porter,2026,Toledo,PF,2026,PF,6-7,79,210,3.0,85.0,304.0,52.0,8.0,IL
46158205,Gavin Murphy,Gavin,Murphy,2026,Western Kentucky,PG,2026,PG,5-11,71,160,,,,,,KY
46158341,Jeremiah Hammond,Jeremiah,Hammond,2026,Northern Colorado,PG,2026,PG,6-3,75,170,3.0,82.0,337.0,55.0,42.0,FL
46159920,Henry Beckett,Henry,Beckett,2026,Cal State Fullerton,PF,2026,PF,6-7,79,215,,,,,,TX
46160340,Aaron McGee,Aaron,McGee,2026,Arkansas State,SG,2026,SG,6-4,76,175,3.0,87.0,278.0,49.0,13.0,FL
46160707,Amir Jones,Amir,Jones,2026,Colorado,CG,2026,CG,6-3,75,180,,,,,,CA
46163002,Takeo McCrae,Takeo,McCrae,2026,,CG,2026,CG,6-4,76,205,,,,,,OR
46163257,Colt Busse,Colt,Busse,2026,East Tennessee State,CG,2026,CG,6-4,76,160,,,,,,MD
46165671,Elliot Moskowitz,Elliot,Moskowitz,2026,Kansas City,CG,2026,CG,6-3,75,170,3.0,81.0,355.0,42.0,3.0,CO
46166178,Diego Roman,Diego,Roman,2026,South Alabama,PG,2026,PG,6-6,78,200,,,,,,SWIT
46166838,Wini Braga,Wini,Braga,2026,Washington,PF,2026,PF,6-9,81,200,,,,,,BRAZ
46166954,Maxim Klitschko,Maxim,Klitschko,2026,East Carolina,C,2026,C,7-1,85,240,,,,,,UKRA
46167129,Clemens Sokolov,Clemens,Sokolov,2026,Indiana,C,2026,C,6-11,83,-,,,,,,GERM
46132621,Caleb Holt,Caleb,Holt,2026,Arizona,SG,2026,SG,6-5,77,200,5.0,99.93978142223297,2.0,1.0,1.0,FL
46136658,Jason Crowe Jr.,Jason,Crowe Jr.,2026,Missouri,CG,2026,CG,6-3,75,170,5.0,99.75693185226972,6.0,2.0,1.0,CA
46136778,Caleb Gaskins,Caleb,Gaskins,2026,Miami,PF,2026,PF,6-8,80,219,5.0,99.54054792189942,15.0,3.0,4.0,FL
46137613,Jayden Hodge,Jayden,Hodge,2026,Northwestern,SF,2026,SF,6-6,78,190,5.0,97.06052750578681,86.0,32.0,14.0,FL
46138185,Kendre Harrison,Kendre,Harrison,2026,Oregon,C,2026,C,6-7,79,243,4.0,92.94170214861676,151.0,28.0,5.0,NC
46138220,Jacob Lanier,Jacob,Lanier,2026,Nebraska,SG,2026,SG,6-5,77,180,4.0,94.42115395808429,120.0,18.0,2.0,AR
46139344,Hassan Koureissi,Hassan,Koureissi,2026,Fordham,SG,2026,SG,6-3,75,170,4.0,89.95180722891565,229.0,34.0,11.0,NY
46141117,Joe Sterling,Joe,Sterling,2026,Texas,CG,2026,CG,6-4,76,180,4.0,94.30743262906698,122.0,14.0,10.0,CA
46141706,Yeshua Kesse-Beda,Yeshua,Kesse-Beda,2026,Fresno State,PF,2026,PF,6-7,79,205,,,,,,CA
46142933,Chris Powell,Chris,Powell,2026,,SG,2026,SG,6-3,75,170,3.0,88.59170013386881,268.0,47.0,38.0,FL
46142935,Austin Goosby,Austin,Goosby,2026,Texas,CG,2026,CG,6-5,77,186,5.0,99.20386115252536,23.0,4.0,2.0,TX
46143164,Cam Lomax,Cam,Lomax,2026,SMU,CG,2026,CG,6-0,72,165,4.0,93.61820973973933,144.0,18.0,9.0,TX
46143175,Jaelon Germany,Jaelon,Germany,2026,Holy Cross,PG,2026,PG,6-2,74,165,3.0,84.0,321.0,50.0,28.0,TX
46143226,Tre Raymon,Tre,Raymon,2026,,PF,2026,PF,6-8,80,200,,,,,,SC
46143333,Colben Landrew,Colben,Landrew,2026,UConn,SF,2026,SF,6-6,78,235,5.0,99.1213012585459,26.0,9.0,2.0,GA
46145218,William Gerdes,William,Gerdes,2026,Northern Iowa,SF,2026,SF,6-8,80,-,,,,,,IA
46145958,Donovan Williams,Donovan,Williams,2026,Georgia,CG,2026,CG,6-3,75,180,4.0,90.01472556894244,223.0,28.0,33.0,FL
46146445,Isaac Ellis,Isaac,Ellis,2026,Louisville,PG,2026,PG,6-1,73,165,4.0,90.00602409638554,224.0,31.0,12.0,NC
46147326,Christian Wiggins,Christian,Wiggins,2026,Iowa State,SG,2026,SG,6-4,76,180,4.0,94.19085483517124,126.0,20.0,2.0,MN
46149819,Jaden Shipley,Jaden,Shipley,2026,,PG,2026,PG,6-4,76,-,,,,,,PA
46150030,Josiah Sanders,Josiah,Sanders,2026,,PF,2026,PF,6-7,79,200,4.0,89.33333333333333,254.0,39.0,6.0,TN
46150872,Yabi Aklog,Yabi,Aklog,2026,Oregon State,C,2026,C,6-10,82,230,4.0,94.04267683890525,131.0,22.0,3.0,WA
46150911,Marquis Clark,Marquis,Clark,2026,Tennessee,PG,2026,PG,6-1,73,175,4.0,89.21954484605088,256.0,35.0,3.0,IL
46151082,Delano Tarpley,Delano,Tarpley,2026,UTEP,C,2026,C,6-11,83,245,,,,,,CA
46151094,Brady Hennig,Brady,Hennig,2026,Boise State,SG,2026,SG,6-6,78,180,4.0,90.00200803212851,225.0,33.0,5.0,WA
46151492,Tyler Jones,Tyler,Jones,2026,Albany,SG,2026,SG,6-3,75,185,3.0,85.0,304.0,54.0,15.0,NC
46151689,DJ Biggins,DJ,Biggins,2026,,CG,2026,CG,6-1,73,170,,,,,,CT
46152179,Dywane Chess,Dywane,Chess,2026,Marist,SG,2026,SG,6-3,75,180,3.0,82.0,337.0,60.0,1.0,RI
46153582,Eli Jolin,Eli,Jolin,2026,,SG,2026,SG,6-6,78,-,,,,,,ON
46154440,Jaen Chatman,Jaen,Chatman,2026,Rhode Island,PG,2026,PG,6-1,73,190,4.0,94.45581657734617,119.0,11.0,3.0,NJ
46157906,Pops Dunson,Pops,Dunson,2026,Colorado State,PG,2026,PG,6-0,72,185,4.0,90.14457831325302,218.0,29.0,13.0,GA
46158380,Nathan Kirk,Nathan,Kirk,2026,Iona,PG,2026,PG,6-0,72,175,,,,,,FL
46158743,Landon Davis,Landon,Davis,2026,Illinois,PF,2026,PF,6-8,80,210,4.0,89.13788487282461,259.0,41.0,5.0,IA
46160349,Marcus Moller,Marcus,Moller,2026,Michigan,C,2026,C,7-3,87,230,,,,,,DENM
46160714,Jackson Kiss,Jackson,Kiss,2026,UNLV,C,2026,C,6-8,80,230,4.0,94.18773869166745,127.0,20.0,5.0,UT
46161399,Sidy Diakhate,Sidy,Diakhate,2026,North Dakota,PF,2026,PF,6-9,81,210,,,,,,UT
46162034,Joaquim Boumtje Boumtje,Joaquim,Boumtje Boumtje,2026,Duke,C,2026,C,7-0,84,230,5.0,98.0,54.0,6.0,1.0,SPAI
46163251,Stephon Ashley-Wright,Stephon,Ashley-Wright,2026,Towson,PG,2026,PG,5-11,71,150,,,,,,PA
46163260,Ralfs Rudusans,Ralfs,Rudusans,2026,Lehigh,SF,2026,SF,6-8,80,-,,,,,,MD
46165902,Alex Dickeson,Alex,Dickeson,2026,Colorado,PG,2026,PG,6-3,75,-,,,,,,AUST
46166438,Kenan Gilao,Kenan,Gilao,2026,Marshall,PF,2026,PF,6-9,81,190,,,,,,CANA
46166703,Marko Maric,Marko,Maric,2026,Butler,C,2026,C,7-0,84,-,,,,,,CROA
46166994,Roman Stathis,Roman,Stathis,2026,Washington State,SF,2026,SF,6-7,79,225,,,,,,AUST
46167069,Luke Mirhashemi,Luke,Mirhashemi,2026,Colorado,PG,2026,PG,6-5,77,-,,,,,,CA
46167193,Tegra Makabu,Tegra,Makabu,2026,Baylor,PF,2026,PF,6-9,81,-,,,,,,FL
46167276,Iker Martinez,Iker,Martinez,2026,Syracuse,C,2026,C,7-0,84,230,,,,,,FL
46167313,Siebe Ledegen,Siebe,Ledegen,2026,Ohio,SF,2026,SF,6-6,78,-,,,,,,BELG
46117503,Cameron Holmes,Cameron,Holmes,2026,Arizona,SF,2026,SF,6-6,78,205,5.0,98.46794088281779,41.0,14.0,3.0,AZ
46135746,Chidi Nwigwe,Chidi,Nwigwe,2026,Sacramento State,SF,2026,SF,6-7,79,195,4.0,91.07630522088353,181.0,51.0,6.0,UT
46136615,Rashod Cotton,Rashod,Cotton,2026,,PG,2026,PG,5-11,71,155,,,,,,CA
46136619,Kaiden Bailey,Kaiden,Bailey,2026,Georgia Tech,CG,2026,CG,6-2,74,180,4.0,91.04953145917001,185.0,23.0,19.0,CA
46137368,Trae Nunn,Trae,Nunn,2026,Columbia,SF,2026,SF,6-4,76,205,3.0,82.0,337.0,85.0,30.0,TX
46137840,Kaden House,Kaden,House,2026,Maryland,CG,2026,CG,6-3,75,173,5.0,98.44331618558964,43.0,5.0,4.0,AZ
46139276,Jaylen Alexander,Jaylen,Alexander,2026,Kansas State,PG,2026,PG,6-2,74,175,4.0,90.88353413654619,191.0,22.0,3.0,AL
46142504,Jayden Joseph,Jayden,Joseph,2026,Florida A&M,SG,2026,SG,6-2,74,180,,,,,,VA
46142904,Ethan Taylor,Ethan,Taylor,2026,Michigan State,C,2026,C,7-0,84,244,5.0,98.62616575555286,38.0,4.0,3.0,MO
46143229,Seven Spurlock,Seven,Spurlock,2026,Oregon,SF,2026,SF,6-5,77,210,4.0,90.36680053547524,207.0,59.0,11.0,TX
46143345,Sam Fleming,Sam,Fleming,2026,,PF,2026,PF,6-7,79,205,4.0,90.23025435073627,212.0,31.0,7.0,MA
46143758,Julien Smith,Julien,Smith,2026,,PG,2026,PG,5-10,70,160,,,,,,IN
46144232,Brayden Kyman,Brayden,Kyman,2026,Washington State,PF,2026,PF,6-7,79,215,4.0,89.35341365461848,252.0,38.0,25.0,CA
46144457,Jalan Wingfield,Jalan,Wingfield,2026,FIU,PF,2026,PF,6-8,80,225,4.0,91.0896921017403,180.0,28.0,10.0,GA
46146667,RJ Smith,RJ,Smith,2026,La Salle,PG,2026,PG,5-9,69,150,,,,,,PA
46147878,Caleb Williams,Caleb,Williams,2026,Auburn,SG,2026,SG,6-5,77,195,4.0,89.76706827309238,238.0,38.0,34.0,FL
46149022,Jacob Webber,Jacob,Webber,2026,Purdue,SF,2026,SF,6-6,78,175,5.0,97.75418284061551,62.0,24.0,2.0,NE
46149076,Adam Boyd,Adam,Boyd,2026,Louisiana Tech,CG,2026,CG,6-3,75,160,3.0,85.5,301.0,36.0,23.0,TX
46150034,Arafan Diane,Arafan,Diane,2026,Houston,C,2026,C,7-1,85,290,5.0,99.11239159536699,27.0,2.0,1.0,IA
46150518,Sifeng Huan,Sifeng,Huan,2026,UMBC,C,2026,C,6-10,82,210,3.0,83.0,332.0,46.0,10.0,MD
46150994,Jamyn Sondrup,Jamyn,Sondrup,2026,Purdue,C,2026,C,6-9,81,225,4.0,90.73895582329317,198.0,35.0,7.0,UT
46151117,Max VanLaningham,Max,VanLaningham,2026,Long Beach State,PF,2026,PF,6-7,79,220,3.0,86.1111111111111,291.0,48.0,26.0,CA
46151553,Adama Tambedou,Adama,Tambedou,2026,Maryland,PF,2026,PF,6-7,79,230,4.0,93.92083383702033,137.0,22.0,2.0,CT
46151952,Curtis Coleman,Curtis,Coleman,2026,,SG,2026,SG,6-5,77,180,,,,,,NV
46152091,Oesoemana Sacko,Oesoemana,Sacko,2026,,C,2026,C,6-8,80,200,,,,,,NY
46152165,Ja'Cori Jones,Ja'Cori,Jones,2026,Texas A&M Corpus Christi,CG,2026,CG,5-11,71,155,3.0,80.0,365.0,43.0,36.0,TX
46152175,Quinn Costello,Quinn,Costello,2026,Michigan,PF,2026,PF,6-10,82,195,5.0,98.85356364141069,32.0,6.0,1.0,MA
46153300,Austin Senters,Austin,Senters,2026,,SF,2026,SF,6-4,76,185,,,,,,TX
46153620,Connor Lyons,Connor,Lyons,2026,,C,2026,C,6-8,80,215,,,,,,VA
46153628,Finley Billy,Finley,Billy,2026,Pennsylvania,PF,2026,PF,6-7,79,200,,,,,,DC
46155531,Julian Washington,Julian,Washington,2026,Dayton,SG,2026,SG,6-4,76,170,4.0,89.04149933065595,260.0,44.0,9.0,OH
46156951,Ethan Lin,Ethan,Lin,2026,Pennsylvania,PG,2026,PG,6-5,77,165,3.0,82.0,337.0,55.0,7.0,NJ
46158316,Race Kowalczyk,Race,Kowalczyk,2026,Bradley,SF,2026,SF,6-6,78,180,,,,,,OH
46158931,Kamai Samuels,Kamai,Samuels,2026,,PG,2026,PG,6-2,74,180,4.0,90.16064257028113,217.0,28.0,4.0,CT
46159677,Nicolas Mitrovic,Nicolas,Mitrovic,2026,California,C,2026,C,6-10,82,200,4.0,92.72742474916387,156.0,30.0,5.0,MA
46162314,Gabriel Landeira,Gabriel,Landeira,2026,Georgetown,PG,2026,PG,6-6,78,185,,,,,,BRAZ
46162442,Nick Shrewsberry,Nick,Shrewsberry,2026,Notre Dame,SG,2026,SG,6-5,77,170,,,,,,IN
46163077,Greg Howard Jr.,Greg,Howard Jr.,2026,Cal State Fullerton,SG,2026,SG,6-2,74,180,,,,,,OH
46163258,Bol Wieu Thet,Bol Wieu,Thet,2026,Siena,C,2026,C,6-10,82,195,,,,,,MD
46163637,Cooper Knowles,Cooper,Knowles,2026,,C,2026,C,6-10,82,-,,,,,,IL
46165476,Alex Ensor,Alex,Ensor,2026,Santa Clara,C,2026,C,7-1,85,225,,,,,,AZ
46165811,Goc Malual,Goc,Malual,2026,Colorado,PF,2026,PF,6-9,81,-,,,,,,AUST
46166886,Marcio Santos,Marcio,Santos,2026,LSU,PF,2026,PF,6-8,80,-,,,,,,BRAZ
46167189,Mantas Rubstavicius,Mantas,Rubstavicius,2026,Auburn,SF,2026,SF,6-6,78,-,,,,,,LITH
46167284,Tristan Devers,Tristan,Devers,2026,Washington,CG,2026,CG,6-3,75,180,,,,,,AUST
46135970,Jalen Montonati,Jalen,Montonati,2026,Oklahoma State,SF,2026,SF,6-7,79,175,4.0,96.79064082416623,92.0,34.0,1.0,OK
46136525,Kobe Edwards,Kobe,Edwards,2026,College of Charleston,PG,2026,PG,6-1,73,160,4.0,90.6760374832664,199.0,24.0,8.0,NC
46136900,Sam Funches,Sam,Funches,2026,Gonzaga,C,2026,C,6-10,82,215,4.0,94.83008511190808,112.0,17.0,1.0,MS
46138195,Xavier Green,Xavier,Green,2026,,PG,2026,PG,5-10,70,165,,,,,,TX
46142435,Marcis Ponder,Marcis,Ponder,2026,Florida State,C,2026,C,6-11,83,328,5.0,98.48795404583775,40.0,5.0,3.0,VA
46142577,Chase Foster,Chase,Foster,2026,Pittsburgh,PF,2026,PF,6-8,80,210,5.0,98.64850707176532,37.0,8.0,7.0,FL
46142934,Julius Avent,Julius,Avent,2026,Michigan State,PF,2026,PF,6-7,79,220,4.0,96.96243166646519,87.0,13.0,2.0,NJ
46143287,Noah Smith,Noah,Smith,2026,DePaul,PF,2026,PF,6-8,80,200,4.0,93.05982010539371,149.0,25.0,4.0,IN
46144024,Elhadji Diallo,Elhadji,Diallo,2026,UMass Lowell,PF,2026,PF,6-7,79,200,4.0,90.06157965194109,222.0,32.0,11.0,NC
46144400,Luke Susko,Luke,Susko,2026,Southern Illinois,SF,2026,SF,6-6,78,175,3.0,81.0,355.0,87.0,34.0,TX
46144609,Miikka Muurinen,Miikka,Muurinen,2026,Arkansas,PF,2026,PF,6-10,82,205,5.0,98.0,54.0,9.0,1.0,SERB
46145959,Rylan Parsley,Rylan,Parsley,2026,Fresno State,SF,2026,SF,6-5,77,180,,,,,,AZ
46146310,Ian Williams,Ian,Williams,2026,,PG,2026,PG,5-10,70,160,,,,,,PA
46146315,Nasir Ralls,Nasir,Ralls,2026,,SG,2026,SG,6-0,72,160,,,,,,PA
46146430,Jasiah Jervis,Jasiah,Jervis,2026,Michigan State,SG,2026,SG,6-4,76,190,5.0,98.93392969872802,31.0,6.0,4.0,NY
46146666,Quentin Coleman,Quentin,Coleman,2026,Illinois,SG,2026,SG,6-4,76,180,5.0,99.43801963707672,17.0,3.0,1.0,MO
46148844,Beau Billingsley,Beau,Billingsley,2026,Texas A&M Corpus Christi,PG,2026,PG,5-11,71,170,,,,,,OK
46149087,Emilis Zibuda,Emilis,Zibuda,2026,,SF,2026,SF,6-6,78,180,,,,,,UT
46150812,Luke Barnett,Luke,Barnett,2026,Kansas,SG,2026,SG,6-4,76,180,4.0,94.25164649680103,123.0,19.0,11.0,CA
46150814,Darius Ratliff,Darius,Ratliff,2026,USC,C,2026,C,6-11,83,210,5.0,99.00310271185076,30.0,3.0,3.0,NY
46151490,Gage Howard,Gage,Howard,2026,Loyola Maryland,C,2026,C,6-6,78,225,3.0,81.0,355.0,48.0,11.0,MD
46152081,Jahda Swann,Jahda,Swann,2026,,SG,2026,SG,6-4,76,180,,,,,,VA
46153428,Drew Anderson,Drew,Anderson,2026,Stanford,PF,2026,PF,6-9,81,215,4.0,95.10866207304133,108.0,18.0,8.0,CA
46158363,Trey Williams,Trey,Williams,2026,Cornell,PG,2026,PG,6-2,74,175,,,,,,IL
46158836,Dionycius Bakare,Dionycius,Bakare,2026,California,SF,2026,SF,6-5,77,190,4.0,90.52610441767068,203.0,58.0,14.0,AZ
46160178,Jones Lay,Jones,Lay,2026,Florida,C,2026,C,7-0,84,230,,,,,,NC
46160862,Peyton Miller,Peyton,Miller,2026,George Mason,CG,2026,CG,6-3,75,180,3.0,86.5,286.0,31.0,18.0,GA
46161474,Hudson Lucas,Hudson,Lucas,2026,Nevada,PF,2026,PF,6-8,80,200,3.0,86.0,292.0,49.0,19.0,TX
46163237,BJ Brown,BJ,Brown,2026,Drexel,SG,2026,SG,6-5,77,210,,,,,,SC
46163255,TJ Moultrie,TJ,Moultrie,2026,Army,CG,2026,CG,6-3,75,195,,,,,,MD
46166558,Grant Mordini,Grant,Mordini,2026,Kansas,C,2026,C,6-10,82,210,,,,,,CT
46166597,Tyre Acuff,Tyre,Acuff,2026,Central Michigan,PG,2026,PG,6-2,74,191,,,,,,MI
46059049,Akoldah Gak,Akoldah,Gak,2026,Oklahoma,PF,2026,PF,6-11,83,225,3.0,86.96296296296295,256.0,48.0,6.0,AUST
46134907,Alex Constanza,Alex,Constanza,2026,,SF,2026,SF,6-8,80,205,5.0,97.83432503704898,59.0,22.0,3.0,OH
46135675,Joseph Hartman,Joseph,Hartman,2026,Michigan,SG,2026,SG,6-6,78,193,4.0,96.86648489162894,90.0,13.0,16.0,FL
46136659,Jachai Cantave,Jachai,Cantave,2026,New Mexico State,PG,2026,PG,6-1,73,160,3.0,85.0,304.0,46.0,25.0,TX
46137004,Tyus Thomas,Tyus,Thomas,2026,Houston,PG,2026,PG,5-10,70,180,4.0,89.33333333333333,254.0,34.0,1.0,NV
46138357,Elijah Garrett,Elijah,Garrett,2026,Illinois-Chicago,PG,2026,PG,6-0,72,155,3.0,84.0,321.0,50.0,28.0,TX
46142545,Brandon Bass Jr.,Brandon,Bass Jr.,2026,Florida State,SG,2026,SG,6-4,76,185,4.0,94.66646071465347,113.0,16.0,20.0,FL
46142548,SJ Madison,SJ,Madison,2026,Nevada,SF,2026,SF,6-5,77,185,4.0,91.38821954484605,170.0,49.0,18.0,CA
46143020,Stephen Brown,Stephen,Brown,2026,,SF,2026,SF,6-7,79,205,,,,,,IL
46143044,Darien Moore,Darien,Moore,2026,Seton Hall,CG,2026,CG,6-2,74,170,4.0,91.31726907630521,172.0,20.0,1.0,NH
46143731,Brayden Barrett,Brayden,Barrett,2026,,SG,2026,SG,6-5,77,170,,,,,,AZ
46143742,Q Williams,Q,Williams,2026,Coastal Carolina,PG,2026,PG,5-9,69,170,3.0,81.0,355.0,62.0,18.0,NC
46143853,Rivers Knight,Rivers,Knight,2026,Purdue,PF,2026,PF,6-8,80,205,4.0,89.67737617135208,244.0,36.0,8.0,IN
46144385,Rokiem Green,Rokiem,Green,2026,San Jose State,SG,2026,SG,6-2,74,170,3.0,88.16666666666666,269.0,48.0,17.0,AZ
46147091,Kole Grandison,Kole,Grandison,2026,Texas State,SF,2026,SF,6-6,78,205,3.0,87.44444444444444,276.0,73.0,17.0,GA
46148957,Donovan Carney,Donovan,Carney,2026,,SG,2026,SG,6-2,74,170,,,,,,PA
46148960,Jaidyn Coon,Jaidyn,Coon,2026,Iowa,SF,2026,SF,6-6,78,180,4.0,95.80113094518543,103.0,38.0,3.0,IA
46149168,Evan Roberts,Evan,Roberts,2026,Jacksonville,PG,2026,PG,6-1,73,170,3.0,86.66666666666666,285.0,42.0,39.0,FL
46150029,Aiden Able,Aiden,Able,2026,UMBC,SG,2026,SG,6-4,76,-,,,,,,MD
46150088,Keon Mitchell,Keon,Mitchell,2026,,PG,2026,PG,6-2,74,170,,,,,,VA
46150807,Trey Beamer,Trey,Beamer,2026,FIU,PG,2026,PG,6-1,73,160,4.0,94.00464287473193,132.0,12.0,24.0,FL
46151480,Tyshawn Duncan,Tyshawn,Duncan,2026,Louisiana,C,2026,C,6-8,80,215,4.0,91.25033467202142,176.0,34.0,1.0,LA
46151531,Harris Reynolds,Harris,Reynolds,2026,Clemson,SG,2026,SG,6-4,76,170,4.0,94.46280103692362,117.0,17.0,4.0,GA
46153629,Kai McGrew,Kai,McGrew,2026,Ball State,PF,2026,PF,6-8,80,210,3.0,87.0,278.0,43.0,11.0,IN
46153634,Christopher Kirkpatrick,Christopher,Kirkpatrick,2026,Princeton,SG,2026,SG,6-3,75,175,3.0,86.83333333333334,283.0,51.0,5.0,IL
46156694,Jackson Ball,Jackson,Ball,2026,Wisconsin,SG,2026,SG,6-4,76,-,,,,,,NEW 
46158575,Jonathan Moss,Jonathan,Moss,2026,Appalachian State,PG,2026,PG,6-0,72,160,3.0,85.0,304.0,46.0,4.0,KY
46159018,Jaroslavs Pihtovs,Jaroslavs,Pihtovs,2026,San Francisco,C,2026,C,6-9,81,215,4.0,94.09793018226753,129.0,21.0,13.0,CA
46160370,Louis O'Keefe,Louis,O'Keefe,2026,Princeton,SG,2026,SG,6-3,75,180,3.0,82.0,337.0,60.0,10.0,MA
46160472,Chadrack Mpoyi,Chadrack,Mpoyi,2026,Minnesota,C,2026,C,6-10,82,240,4.0,92.89255125294936,152.0,29.0,16.0,CA
46160566,Marvin Christie,Marvin,Christie,2026,Jacksonville State,SG,2026,SG,6-3,75,180,,,,,,FL
46160568,Baron Walker,Baron,Walker,2026,Butler,CG,2026,CG,6-1,73,180,,,,,,IN
46163279,Diing Maiwen,Diing,Maiwen,2026,,SF,2026,SF,6-6,78,-,,,,,,NY
46163375,RJ Jones,RJ,Jones,2026,Akron,SG,2026,SG,6-4,76,175,,,,,,OH
46166080,Owen Foxwell,Owen,Foxwell,2026,Wisconsin,PG,2026,PG,6-2,74,180,,,,,,AUST
46166351,Jake Feldhaus,Jake,Feldhaus,2026,South Florida,PF,2026,PF,6-8,80,220,,,,,,KY
46167214,Colton Crowdis,Colton,Crowdis,2026,Marquette,PG,2026,PG,6-4,76,180,,,,,,ME
46167332,Amari Barrett,Amari,Barrett,2026,,SG,2026,SG,6-4,76,180,3.0,87.0,278.0,49.0,4.0,OK
46134963,Maper Maker,Maper,Maker,2026,,C,2026,C,7-0,84,215,4.0,92.65060240963855,157.0,31.0,4.0,AUST
46136806,Trent Perry,Trent,Perry,2026,Kansas,SF,2026,SF,6-5,77,190,4.0,96.3849153581998,100.0,37.0,7.0,MO
46136952,Jordan Smith Jr.,Jordan,Smith Jr.,2026,Arkansas,CG,2026,CG,6-2,74,200,5.0,99.93087175905406,3.0,1.0,1.0,VA
46140739,Jaxon Richardson,Jaxon,Richardson,2026,Alabama,SF,2026,SF,6-5,77,205,5.0,99.13912058490371,24.0,7.0,6.0,FL
46140872,Jasen Lopez,Jasen,Lopez,2026,Florida State,PG,2026,PG,5-11,71,180,4.0,93.4136546184739,146.0,14.0,26.0,FL
46142628,Kevin Thomas,Kevin,Thomas,2026,North Carolina,SF,2026,SF,6-6,78,195,4.0,96.67929242051821,95.0,36.0,18.0,FL
46142930,Jaxson Terry,Jaxson,Terry,2026,Loyola,SF,2026,SF,6-5,77,180,4.0,89.70281124497993,242.0,68.0,9.0,MA
46143033,KJ Torbert,KJ,Torbert,2026,Bowling Green,SF,2026,SF,6-4,76,190,3.0,84.0,321.0,80.0,2.0,MI
46143222,Manny Green,Manny,Green,2026,Tennessee,PF,2026,PF,6-6,78,205,4.0,91.63855421686746,166.0,27.0,9.0,GA
46143223,Phoenix Woodson,Phoenix,Woodson,2026,New Mexico State,PF,2026,PF,6-7,79,205,3.0,86.5,286.0,46.0,17.0,TX
46143712,Donovan Criss,Donovan,Criss,2026,UTEP,SF,2026,SF,6-5,77,175,4.0,90.20348058902276,214.0,62.0,13.0,TX
46147888,Mason Fuentes,Mason,Fuentes,2026,Stetson,PG,2026,PG,6-2,74,160,4.0,91.91967871485943,164.0,17.0,29.0,FL
46148662,Antonio Brown Jr,Antonio,Brown Jr,2026,,SF,2026,SF,6-4,76,185,,,,,,FL
46148846,Kamden McGilveary,Kamden,McGilveary,2026,Ball State,CG,2026,CG,6-0,72,165,3.0,86.0,292.0,32.0,19.0,TX
46150035,Tre Clark,Tre,Clark,2026,UT-Arlington,SF,2026,SF,6-7,79,185,,,,,,TX
46150043,Tyrease Hunter,Tyrease,Hunter,2026,McNeese,PG,2026,PG,6-2,74,170,,,,,,NJ
46150810,Bradley Floyd,Bradley,Floyd,2026,Austin Peay,SG,2026,SG,6-5,77,185,4.0,90.24497991967871,211.0,31.0,10.0,NC
46151436,Marcus Gillespie,Marcus,Gillespie,2026,Omaha,SG,2026,SG,6-4,76,180,4.0,92.40963855421687,158.0,22.0,7.0,GA
46151445,Phenix Card,Phenix,Card,2026,,PG,2026,PG,5-11,71,160,3.0,81.0,355.0,62.0,14.0,VA
46152099,Amare James,Amare,James,2026,Clemson,SG,2026,SG,6-6,78,190,3.0,89.0,262.0,46.0,16.0,GA
46152208,Milak Myatt,Milak,Myatt,2026,,CG,2026,CG,6-3,75,170,3.0,82.0,337.0,39.0,7.0,NJ
46152215,Josh Goodwin,Josh,Goodwin,2026,Northeastern,SG,2026,SG,6-5,77,175,3.0,82.0,337.0,60.0,30.0,TX
46153066,Jaxon Clark,Jaxon,Clark,2026,Colorado State,C,2026,C,6-10,82,-,,,,,,IA
46153382,Malakhi Phillips,Malakhi,Phillips,2026,,CG,2026,CG,6-3,75,175,,,,,,NC
46155046,Coleman Elkins,Coleman,Elkins,2026,Texas,C,2026,C,6-10,82,240,,,,,,NJ
46156217,Luigi Suigo,Luigi,Suigo,2026,,C,2026,C,7-3,87,240,,,,,,ITAL
46157922,Tobiaz Tolbert,Tobiaz,Tolbert,2026,Kennesaw State,PF,2026,PF,6-7,79,195,,,,,,GA
46158294,Marcus Zelee,Marcus,Zelee,2026,,PG,2026,PG,6-2,74,185,3.0,80.0,365.0,65.0,36.0,TX
46158577,Isaiah Carroll,Isaiah,Carroll,2026,Pennsylvania,SF,2026,SF,6-6,78,190,3.0,85.0,304.0,76.0,6.0,NJ
46158885,Eric Fiedler,Eric,Fiedler,2026,Colorado State,PF,2026,PF,6-6,78,200,3.0,87.0,278.0,43.0,2.0,CO
46159988,BJ Ranson,BJ,Ranson,2026,Saint Joseph's,PG,2026,PG,6-3,75,-,3.0,88.6425702811245,267.0,38.0,9.0,MD
46160438,Chris Pohl,Chris,Pohl,2026,Wyoming,PF,2026,PF,6-7,79,215,3.0,82.0,337.0,55.0,4.0,WI
46160567,Mason Williams,Mason,Williams,2026,Kentucky,PG,2026,PG,6-2,74,185,4.0,93.882258129508,140.0,13.0,3.0,TN
46161650,Drake Sandi,Drake,Sandi,2026,American,PG,2026,PG,5-11,71,170,,,,,,FL
46164578,Devan Christion,Devan,Christion,2026,Akron,PF,2026,PF,6-9,81,-,,,,,,NV
46165021,Klark-Luca Riethauser,Klark-Luca,Riethauser,2026,,SF,2026,SF,6-8,80,200,,,,,,SWIT
46166037,Mykel Bruce-McCrommon,Mykel,Bruce-McCrommon,2026,Kansas City,SF,2026,SF,6-7,79,175,,,,,,PA
46166180,Lincoln Goodwin,Lincoln,Goodwin,2026,Kansas City,SF,2026,SF,6-5,77,180,,,,,,MO
46166509,JD Jones,JD,Jones,2026,Florida State,SG,2026,SG,6-5,77,205,,,,,,AZ
46166869,Atticus Richmond,Atticus,Richmond,2026,Kansas,SF,2026,SF,6-8,80,230,,,,,,MA
46167194,Babacar Sane,Babacar,Sane,2026,St. John's,SF,2026,SF,6-8,80,-,,,,,,SENE
46128017,Kevin Roberts,Kevin,Roberts,2026,,PG,2026,PG,6-3,75,190,,,,,,MS
46136621,Breylon Webb,Breylon,Webb,2026,La Salle,SF,2026,SF,6-6,78,185,3.0,84.0,321.0,80.0,10.0,OH
46136895,Elijah Williams,Elijah,Williams,2026,Baylor,SF,2026,SF,6-6,78,200,5.0,98.71987392155019,35.0,12.0,4.0,TX
46140063,Julius Price,Julius,Price,2026,Stanford,SG,2026,SG,6-2,74,190,4.0,91.65194109772422,165.0,23.0,17.0,CA
46142903,Tristan Reed,Tristan,Reed,2026,Mississippi State,C,2026,C,6-9,81,230,5.0,97.73636351425769,65.0,10.0,6.0,MO
46143045,Jalen Grant,Jalen,Grant,2026,,PG,2026,PG,6-0,72,160,,,,,,NJ
46143149,Katrelle Harmon,Katrelle,Harmon,2026,Creighton,CG,2026,CG,6-3,75,188,5.0,97.33730910263125,78.0,7.0,3.0,UT
46143211,Gabriel Sularski,Gabriel,Sularski,2026,,SF,2026,SF,6-5,77,180,3.0,89.0,262.0,70.0,9.0,UT
46143414,Devin Hutcherson,Devin,Hutcherson,2026,Kansas State,SG,2026,SG,6-4,76,180,4.0,89.80321285140562,236.0,37.0,14.0,GA
46143737,Tyseandre Edwards,Tyseandre,Edwards,2026,,SF,2026,SF,6-5,77,170,,,,,,MO
46144714,Traymaine Belanger,Traymaine,Belanger,2026,Austin Peay,SF,2026,SF,6-7,79,190,3.0,85.5,301.0,75.0,40.0,FL
46147876,Alex Smith,Alex,Smith,2026,Ohio State,PF,2026,PF,6-9,81,195,4.0,91.06291834002677,184.0,29.0,31.0,FL
46149085,Josh Irving,Josh,Irving,2026,Texas A&M,C,2026,C,6-10,82,200,5.0,97.58476492368582,68.0,12.0,6.0,CA
46150122,Deuce Burkes,Deuce,Burkes,2026,,PG,2026,PG,6-3,75,175,,,,,,WI
46150664,Jermal Jones,Jermal,Jones,2026,Pittsburgh,SG,2026,SG,6-3,75,180,4.0,91.57028112449798,168.0,25.0,30.0,FL
46151240,Tucker Wadsworth,Tucker,Wadsworth,2026,Troy,SG,2026,SG,6-5,77,190,,,,,,AL
46151262,Mani Sajid,Mani,Sajid,2026,Towson,SG,2026,SG,6-4,76,160,4.0,89.65461847389558,245.0,42.0,5.0,PA
46151584,Angelo Dickerson,Angelo,Dickerson,2026,,CG,2026,CG,6-4,76,176,,,,,,MD
46153383,Mo Ndao,Mo,Ndao,2026,,SF,2026,SF,6-5,77,185,,,,,,TX
46153575,Maxime Meyer,Maxime,Meyer,2026,Duke,C,2026,C,7-1,85,215,4.0,94.51942888611302,116.0,18.0,21.0,FL
46155786,Xavier McKinney,Xavier,McKinney,2026,Ohio,SG,2026,SG,6-3,75,170,,,,,,OH
46157856,Kade Speckman,Kade,Speckman,2026,Indiana State,PF,2026,PF,6-8,80,210,3.0,82.0,337.0,55.0,7.0,OK
46157917,Aeneas Alexander,Aeneas,Alexander,2026,North Texas,PF,2026,PF,6-7,79,195,3.0,86.0,292.0,49.0,19.0,TX
46158315,Dikembe Shaw,Dikembe,Shaw,2026,Illinois-Chicago,PF,2026,PF,6-7,79,210,3.0,89.0,262.0,42.0,9.0,IN
46158340,Daniel Johnson,Daniel,Johnson,2026,,CG,2026,CG,6-3,75,170,3.0,82.0,337.0,39.0,6.0,WA
46158375,Carlos Medlock Jr.,Carlos,Medlock Jr.,2026,Michigan State,PG,2026,PG,5-11,71,165,5.0,98.23369285391284,50.0,5.0,4.0,MO
46158652,Aron Jelani Towa,Aron,Jelani Towa,2026,,CG,2026,CG,6-4,76,-,,,,,,FINL
46160719,Ty Laur,Ty,Laur,2026,Southern Illinois,C,2026,C,6-8,80,225,3.0,84.0,321.0,44.0,9.0,IL
46161513,Mading Kuany,Mading,Kuany,2026,Georgia,SF,2026,SF,6-8,80,190,3.0,88.0,272.0,72.0,6.0,IA
46161700,Rho Omed,Rho,Omed,2026,Arkansas State,PF,2026,PF,6-10,82,200,,,,,,OH
46163261,Frank Siaca Bey,Frank Siaca,Bey,2026,Fordham,PF,2026,PF,6-9,81,215,,,,,,VA
46163269,Ryan Brzezanski,Ryan,Brzezanski,2026,,SF,2026,SF,6-8,80,180,,,,,,VA
46163271,Derrick Hudson,Derrick,Hudson,2026,,SF,2026,SF,6-7,79,195,,,,,,AR
46165155,Malloy Smith,Malloy,Smith,2026,North Carolina,CG,2026,CG,6-5,77,190,,,,,,CA
46165156,Gedeon Basson,Gedeon,Basson,2026,Xavier,CG,2026,CG,6-1,73,200,,,,,,FL
46165471,Imoh Erims,Imoh,Erims,2026,Grambling State,C,2026,C,6-9,81,210,,,,,,TX
46166537,Isaac Riddle,Isaac,Riddle,2026,Wisconsin,SF,2026,SF,6-8,80,200,,,,,,AUST
46166607,Elisee Assui,Elisee,Assui,2026,Florida State,SG,2026,SG,6-5,77,219,,,,,,ITAL
46166769,Lenni Kunzewitsch,Lenni,Kunzewitsch,2026,South Alabama,SF,2026,SF,6-9,81,205,,,,,,GERM
46167154,Filip Malesevic,Filip,Malesevic,2026,Arizona State,C,2026,C,7-1,85,-,,,,,,SERB
46167285,Saliou Niang,Saliou,Niang,2026,LSU,SF,2026,SF,6-6,78,-,,,,,,ITAL
46167323,Chase Hill,Chase,Hill,2026,Colorado,PF,2026,PF,6-7,79,-,,,,,,TX
