full_name,year,position,hs_year,hs_position,hs_height,hs_height_in,hs_weight,hs_stars,hs_rating,hs_national_rank,hs_position_rank,hs_state_rank,hs_hometown_state,hs_school_fin
Dink Pate,2026,SG,2026,SG,6-8,80,210,4.0,95.0,109.0,15.0,6.0,NY,Providence
Tajh Ariza,2026,SF,2026,SF,6-9,81,200,5.0,98.85141457692532,33.0,11.0,2.0,MO,Oregon
Taylen Kinney,2026,PG,2026,PG,6-1,73,185,5.0,99.26851217579349,21.0,3.0,1.0,GA,Kansas
Davion Adkins,2026,C,2026,C,6-9,81,205,5.0,97.7496608507609,63.0,8.0,10.0,TX,Kansas
Austin Brown,2026,PF,2026,PF,6-8,80,210,4.0,89.97054886211514,226.0,33.0,14.0,TX,Maryland
Prince-Alexander Moody,2026,CG,2026,CG,6-4,76,180,4.0,94.85839903650276,111.0,12.0,4.0,MD,Indiana
Brayden Fogle,2026,SF,2026,SF,6-4,76,250,,,,,,OH,Georgia
Joe Philon,2026,PF,2026,PF,6-8,80,180,5.0,97.89678222365494,57.0,10.0,9.0,FL,UCLA
EJ Hazelett,2026,SF,2026,SF,6-6,78,180,3.0,86.66666666666667,284.0,74.0,6.0,IL,Indiana State
Navon Shabazz,2026,CG,2026,CG,6-3,75,170,3.0,86.0,292.0,32.0,7.0,IA,Murray State
Junior County,2026,SG,2026,SG,6-4,76,180,5.0,98.5235926985534,39.0,7.0,2.0,UT,UConn
Luke Ertel,2026,PG,2026,PG,6-1,73,170,5.0,98.4344512945875,45.0,4.0,1.0,IN,Purdue
Andrew Jensen,2026,PF,2026,PF,6-9,81,205,,,,,,WI,DePaul
Nate Earl,2026,CG,2026,CG,6-0,72,165,3.0,80.0,365.0,43.0,43.0,FL,
Willie Piggott,2026,CG,2026,CG,6-5,77,-,,,,,,FL,
Wisdom Fode,2026,CG,2026,CG,6-2,74,190,,,,,,IA,
Darius Bivins,2026,PG,2026,PG,5-11,71,160,5.0,97.68715889197817,66.0,6.0,4.0,VA,Saint Mary's
Noah George,2026,CG,2026,CG,6-4,76,170,,,,,,AZ,Northern Arizona
Cameron Elwer,2026,PG,2026,PG,6-0,72,170,3.0,83.0,332.0,54.0,11.0,OH,Furman
James Turner,2026,PF,2026,PF,6-7,79,195,,,,,,KY,
Darius McGlashen,2026,PG,2026,PG,6-3,75,-,,,,,,NC,
Colin Rice,2026,SF,2026,SF,6-7,79,180,5.0,97.08730126750032,85.0,31.0,2.0,IA,Nebraska
Josh Kori,2026,SG,2026,SG,6-4,76,180,3.0,81.0,355.0,63.0,11.0,MO,Kansas City
Javonte Floyd,2026,C,2026,C,6-9,81,220,4.0,92.04819277108433,160.0,32.0,8.0,GA,UCLA
Jason Singleton,2026,CG,2026,CG,6-4,76,175,4.0,91.30388219544847,173.0,21.0,8.0,OH,Harvard
Jyi Dawkins,2026,SG,2026,SG,6-3,75,175,3.0,85.0,304.0,54.0,15.0,NC,Wofford
Kingston Whitty,2026,PG,2026,PG,6-2,74,165,4.0,90.29183400267738,210.0,27.0,9.0,NC,NC State
Xavier Blake,2026,SG,2026,SG,6-4,76,170,4.0,90.81793842034806,195.0,29.0,2.0,PA,Hofstra
Rider Portela,2026,SF,2026,SF,6-6,78,175,4.0,95.2558729902889,105.0,39.0,10.0,AZ,Colorado
Josue Bwabwa,2026,C,2026,C,6-9,81,-,,,,,,FL,
Jacob Miller,2026,SF,2026,SF,6-7,79,240,,,,,,MO,
Zion Ibekwe,2026,SF,2026,SF,6-5,77,185,,,,,,TX,Hampton
Drew Haffner,2026,SG,2026,SG,6-4,76,170,,,,,,IN,Abilene Christian
Brady Macadams,2026,SG,2026,SG,6-5,77,205,,,,,,PA,Marist
Jaden Shoultz,2026,CG,2026,CG,6-4,76,175,,,,,,MD,Richmond
Donovan Waleskowski,2026,PG,2026,PG,6-5,77,205,,,,,,OH,South Florida
Latrell Allmond,2026,PF,2026,PF,6-8,80,225,5.0,98.80686626103073,34.0,7.0,2.0,VA,Oklahoma State
RJ Livingston,2026,PG,2026,PG,6-2,74,160,4.0,92.06425702811244,120.0,15.0,1.0,FL,Texas State
Chris Birden,2026,PF,2026,PF,6-8,80,190,,,,,,CT,Miami
Aidan Chronister,2026,SF,2026,SF,6-7,79,180,4.0,93.89449884263922,139.0,46.0,3.0,AR,Missouri
Gabe Weis,2026,SF,2026,SF,6-6,78,170,4.0,89.96251673360108,228.0,65.0,7.0,IN,Western Kentucky
Kayden Allen,2026,SF,2026,SF,6-5,77,205,5.0,97.47538649581604,73.0,28.0,5.0,FL,Georgia Tech
Anthony Brown,2026,PG,2026,PG,6-1,73,160,5.0,97.33484663290845,79.0,9.0,1.0,DC,Vanderbilt
LaTrevion Fenderson,2026,SF,2026,SF,6-5,77,205,4.0,90.22289156626506,213.0,61.0,3.0,WI,Wisconsin
Baba Oladotun,2026,SF,2026,SF,6-10,82,195,5.0,99.67217812162808,9.0,4.0,1.0,MD,Maryland
Steven Reynolds,2026,SG,2026,SG,6-5,77,170,4.0,91.17001338688085,177.0,26.0,10.0,TX,California Baptist
Miles Sadler,2026,PG,2026,PG,5-10,70,165,5.0,99.37775628713291,18.0,2.0,2.0,AZ,West Virginia
Justin Curry,2026,SG,2026,SG,6-3,75,170,3.0,83.0,332.0,58.0,12.0,IN,Valparaiso
MJ Madison,2026,PF,2026,PF,6-9,81,215,4.0,89.7429718875502,239.0,35.0,35.0,FL,McNeese
Asher Elson,2026,PF,2026,PF,6-10,82,180,4.0,93.93399685699319,136.0,21.0,6.0,GA,Xavier
Bryce Dixon,2026,SF,2026,SF,6-5,77,175,3.0,85.0,304.0,76.0,25.0,TX,Louisiana Tech
Tarris Bouie,2026,SF,2026,SF,6-6,78,170,5.0,98.27389826865992,48.0,17.0,2.0,OH,Alabama
Styles Clemmons,2026,PG,2026,PG,6-2,74,175,4.0,89.39357429718875,251.0,33.0,15.0,GA,Utah
Adonis Ratliff,2026,PF,2026,PF,6-11,83,215,5.0,99.28409289331238,19.0,4.0,2.0,NY,USC
Eric Hillsman,2026,SF,2026,SF,6-6,78,180,4.0,90.190093708166,215.0,63.0,4.0,NJ,
Bryce Mella,2026,SG,2026,SG,6-4,76,180,,,,,,UT,
Archie McFadden,2026,PG,2026,PG,6-2,74,175,3.0,83.5,331.0,53.0,41.0,FL,
Zavier Zens,2026,PF,2026,PF,6-7,79,215,4.0,95.26923748505729,104.0,16.0,1.0,WI,Illinois
Jordan Charles,2026,PG,2026,PG,6-0,72,165,3.0,86.0,292.0,44.0,18.0,AZ,UC Santa Barbara
Caden Symons,2026,SG,2026,SG,6-5,77,190,3.0,83.0,332.0,58.0,1.0,ID,Evansville
Jamese Jordan,2026,C,2026,C,6-10,82,240,,,,,,VA,
Anthony Granger,2026,PF,2026,PF,6-8,80,-,,,,,,AZ,Fresno State
Dreylan Creasy,2026,SF,2026,SF,6-7,79,185,4.0,93.97590361445783,134.0,45.0,7.0,VA,East Carolina
Michael Nee,2026,SG,2026,SG,6-1,73,170,3.0,86.5,286.0,52.0,7.0,IL,South Dakota
Noah Lewis,2026,PF,2026,PF,6-6,78,205,,,,,,WV,
LJ Rush,2026,PG,2026,PG,5-10,70,168,,,,,,NC,
Khalib Norcome,2026,SG,2026,SG,6-5,77,180,,,,,,MD,
Cash Chism,2026,CG,2026,CG,6-2,74,170,,,,,,TX,Vermont
Ralph Scott,2026,SF,2026,SF,6-8,80,190,5.0,97.54455950893878,70.0,26.0,12.0,FL,Tennessee
Devin Wright,2026,CG,2026,CG,6-1,73,190,,,,,,CA,
Zak Smrekar,2026,SF,2026,SF,6-7,79,195,,,,,,SLOV,Boston College
Drew Paine,2026,PF,2026,PF,6-8,80,215,,,,,,CO,Northern Colorado
Will Openshaw,2026,PF,2026,PF,6-10,82,195,,,,,,UT,BYU
Jayon Alexander,2026,SG,2026,SG,6-2,74,180,,,,,,OH,The Citadel
Michael Parlow,2026,CG,2026,CG,6-3,75,170,,,,,,MD,
Kyler Theophile,2026,SF,2026,SF,6-5,77,195,,,,,,FL,Kennesaw State
Mykel Bruce-McCrommon,2026,SF,2026,SF,6-7,79,175,,,,,,PA,Kansas City
Tahj Martin,2026,CG,2026,CG,6-2,74,-,,,,,,MD,Wright State
Oliver Kanden,2026,SF,2026,SF,6-7,79,-,,,,,,FINL,Pepperdine
Talan Staley,2026,SG,2026,SG,6-3,75,185,,,,,,SC,Bowling Green
Arturas Butajevas,2026,C,2026,C,6-9,81,-,,,,,,LITH,Florida
RJ Luis Jr.,2026,SF,2026,SF,6-7,79,215,5.0,98.0,3.0,1.0,1.0,FL,UMass
Jamison White,2026,PF,2026,PF,6-7,79,215,4.0,89.62382864792504,246.0,37.0,2.0,IL,Saint Louis
Will Goode,2026,PF,2026,PF,6-9,81,230,3.0,83.0,332.0,54.0,2.0,KS,Kansas City
Emmanuel Butts,2026,PF,2026,PF,6-6,78,195,,,,,,PA,
Jonas Oware,2026,C,2026,C,6-8,80,200,,,,,,CA,Yale
Dhani Miller,2026,SG,2026,SG,6-2,74,185,4.0,96.87311117379215,89.0,12.0,15.0,FL,Kent State
Chad Cook,2026,C,2026,C,6-8,80,220,,,,,,SC,Richmond
Eli Herbert,2026,SG,2026,SG,6-1,73,150,3.0,84.5,319.0,57.0,9.0,MO,Liberty
Drew Corrao,2026,PF,2026,PF,6-9,81,190,,,,,,PA,
Felipe Minzer,2026,SF,2026,SF,6-6,78,200,,,,,,ARGE,Austin Peay
David Ugonna Ike,2026,C,2026,C,6-11,83,-,,,,,,SOUT,Georgia
Keriawn Berry,2026,SF,2026,SF,6-5,77,200,4.0,91.29718875502007,174.0,50.0,6.0,IN,Kennesaw State
Luke West,2026,SG,2026,SG,6-1,73,170,,,,,,UT,Utah Tech
Mason Lockett,2026,SG,2026,SG,6-4,76,-,,,,,,IL,DePaul
Jared Thompson,2026,SG,2026,SG,6-3,75,170,,,,,,FL,
Joustin Reyes,2026,SF,2026,SF,6-6,78,185,3.0,80.0,365.0,89.0,29.0,CA,
Devan Kirk,2026,SF,2026,SF,6-5,77,175,,,,,,TX,Towson
Nehemiah Lawrence,2026,PG,2026,PG,5-3,63,150,,,,,,TX,Hampton
Josiah Johnson,2026,PG,2026,PG,6-3,75,185,5.0,97.13216298863234,83.0,10.0,7.0,CA,UC Irvine
Ethan Harris,2026,PF,2026,PF,6-9,81,200,4.0,94.56248181130319,114.0,19.0,2.0,WA,Iowa
DeMarcus Surratt,2026,SG,2026,SG,6-3,75,165,,,,,,KY,Bellarmine
Dovydas Buika,2026,SG,2026,SG,6-5,77,-,,,,,,LITH,
Trent Egbiremolen,2026,CG,2026,CG,6-5,77,190,,,,,,FL,Siena
Drew Harris,2026,SF,2026,SF,6-7,79,190,,,,,,MD,Brown
Eric Turner,2026,CG,2026,CG,6-3,75,-,,,,,,DC,Hampton
Daniel Patton,2026,PF,2026,PF,6-7,79,205,3.0,87.0,278.0,43.0,16.0,TX,Ole Miss
DJ Jackson,2026,PG,2026,PG,6-2,74,180,3.0,81.0,355.0,62.0,4.0,KS,Kansas City
Mark Morano Mahmutovic,2026,SF,2026,SF,6-7,79,-,4.0,92.0,161.0,47.0,5.0,SLOV,Syracuse
Ajak Nyuon,2026,PF,2026,PF,6-10,82,195,,,,,,VC,Arizona State
Jordan Ghee,2026,CG,2026,CG,6-5,77,-,,,,,,CT,Boston College
Braylen Langley,2026,PF,2026,PF,6-9,81,195,4.0,92.73092369477912,155.0,26.0,12.0,AZ,
Brannon Martinsen,2026,SF,2026,SF,6-6,78,205,4.0,90.88888888888887,190.0,54.0,20.0,CA,San Diego
Brandon McCoy Jr.,2026,SG,2026,SG,6-5,77,190,5.0,99.66770090395026,10.0,2.0,3.0,CA,Michigan
Cameron Williams,2026,PF,2026,PF,6-11,83,200,5.0,99.87065318128703,4.0,1.0,1.0,AZ,Duke
Elias Obenyah,2026,CG,2026,CG,6-4,76,195,4.0,93.83187152176151,142.0,17.0,15.0,CA,Stanford
Elton James,2026,PF,2026,PF,6-7,79,200,,,,,,NC,Georgia Southern
Qayden Samuels,2026,SF,2026,SF,6-5,77,210,5.0,99.0410247455821,28.0,10.0,2.0,MD,Alabama
Jordan Sigmon,2026,PG,2026,PG,5-11,71,160,4.0,90.8433734939759,193.0,23.0,4.0,IA,Western Michigan
Imahri Wooten,2026,SF,2026,SF,6-5,77,180,4.0,90.29986613119144,209.0,60.0,10.0,NY,Rutgers
Jayvon Rampersant,2026,PF,2026,PF,6-8,80,210,,,,,,NJ,
Lattimore Ford,2026,SF,2026,SF,6-6,78,185,4.0,89.96586345381526,227.0,64.0,13.0,NC,Washington
Alex Egbuonu,2026,SF,2026,SF,6-6,78,220,4.0,96.91568951390848,88.0,33.0,4.0,MA,Marquette
Luka Ioannisci,2026,SF,2026,SF,6-6,78,175,,,,,,NY,
Hakeem Weems,2026,C,2026,C,6-9,81,170,4.0,89.34136546184739,253.0,40.0,36.0,FL,Georgia
Jermel Thomas,2026,PG,2026,PG,6-2,74,170,4.0,91.11646586345381,178.0,20.0,8.0,NY,Saint Louis
Zamir Paschal,2026,PG,2026,PG,6-1,73,180,4.0,91.06425702811245,183.0,21.0,1.0,OR,Loyola Marymount
Jaylohn Allen,2026,CG,2026,CG,6-1,73,170,3.0,82.0,337.0,39.0,3.0,MI,Toledo
James Sanderson,2026,PG,2026,PG,6-1,73,165,3.0,82.0,337.0,55.0,2.0,NH,Louisiana Tech
Lance Barnes,2026,CG,2026,CG,6-3,75,170,3.0,85.0,304.0,37.0,1.0,SC,Charlotte
Samuel Mbingazo,2026,C,2026,C,6-9,81,230,,,,,,IA,
Franck Belibi,2026,SG,2026,SG,6-2,74,180,4.0,89.69477911646585,243.0,41.0,1.0,CO,Pacific
Parker Spees,2026,SG,2026,SG,6-9,81,190,,,,,,CA,
Parrish Edmond,2026,SF,2026,SF,6-6,78,175,,,,,,CT,
Gage Mayfield,2026,PF,2026,PF,6-7,79,200,5.0,97.15423567178412,82.0,12.0,1.0,AL,Oklahoma
Cole Edelen,2026,PG,2026,PG,6-2,74,175,3.0,86.0,292.0,44.0,2.0,KY,Fairfield
Josh Pratt,2026,PG,2026,PG,6-1,73,170,3.0,84.0,321.0,50.0,6.0,PA,Columbia
Sayon Keita,2026,C,2026,C,6-11,83,215,5.0,98.0,54.0,6.0,1.0,SPAI,North Carolina
Torrey Brooks Jr.,2026,PG,2026,PG,6-1,73,165,4.0,92.3293172690763,159.0,16.0,13.0,AZ,Monmouth
Boyuan Zhang,2026,SF,2026,SF,6-8,80,205,5.0,98.24479635375393,49.0,18.0,5.0,CA,Louisville
Ernas Valauskas,2026,SG,2026,SG,6-4,76,170,,,,,,TN,Dartmouth
Carter Fisk,2026,CG,2026,CG,6-2,74,175,,,,,,MD,
Robbie Long,2026,CG,2026,CG,6-3,75,-,,,,,,OR,Loyola Maryland
Akim Iscandari,2026,PG,2026,PG,6-0,72,180,,,,,,VA,Navy
Christian Matos,2026,PG,2026,PG,6-2,74,170,,,,,,KS,Chattanooga
Keoni Sacco,2026,PF,2026,PF,6-8,80,210,,,,,,VA,Saint Joseph's
Nathan Ramus,2026,PG,2026,PG,6-1,73,180,,,,,,WI,Northern Illinois
Maximo Adams,2026,SF,2026,SF,6-7,79,205,5.0,99.13240475838694,25.0,8.0,4.0,CA,North Carolina
Quincy Wadley,2026,SG,2026,SG,6-4,76,185,5.0,98.16017693964261,52.0,9.0,6.0,AZ,Oklahoma
Che Brogan,2026,SF,2026,SF,6-5,77,170,,,,,,CA,Ohio
DaKari Spear,2026,SG,2026,SG,6-5,77,190,5.0,99.0231606470475,29.0,5.0,3.0,TX,Texas Tech
Christian Collins,2026,PF,2026,PF,6-8,80,200,5.0,99.74797741691403,7.0,2.0,2.0,CA,USC
Cameron Ryans,2026,SF,2026,SF,6-5,77,175,3.0,88.88152610441767,265.0,71.0,1.0,MI,Austin Peay
Ladarius Givan,2026,C,2026,C,6-8,80,215,4.0,89.76974564926373,237.0,39.0,12.0,VA,UCF
Tristen Wilson,2026,CG,2026,CG,6-2,74,175,,,,,,MD,
Anthony Felesi,2026,SF,2026,SF,6-5,77,205,5.0,98.68199665999562,36.0,13.0,1.0,UT,Oklahoma State
Jahadi White Jr.,2026,C,2026,C,6-8,80,220,3.0,87.33333333333333,277.0,42.0,4.0,IL,
Dezhon Hall,2026,PG,2026,PG,6-3,75,185,3.0,88.12048192771084,270.0,39.0,10.0,IN,
Yohance Connor,2026,CG,2026,CG,6-2,74,170,4.0,91.10843373493977,179.0,22.0,7.0,NC,Ole Miss
Vincent Osazee,2026,PF,2026,PF,6-7,79,-,,,,,,MA,Pacific
Gallagher Placide,2026,PF,2026,PF,6-8,80,205,4.0,96.616880006089,97.0,14.0,7.0,TX,Wake Forest
Ethan Brown,2026,CG,2026,CG,6-4,76,180,4.0,90.51539491298529,204.0,25.0,8.0,MO,Illinois
JoJo Mitchell,2026,PG,2026,PG,6-1,73,170,,,,,,MN,St. Thomas
Will Stevens,2026,C,2026,C,6-10,82,200,4.0,93.37145236464251,147.0,26.0,3.0,NC,Clemson
Obinna Ekezie Jr.,2026,C,2026,C,7-0,84,220,5.0,99.55393480275616,14.0,1.0,3.0,FL,Louisville
Ethan Johnston,2026,SG,2026,SG,6-6,78,185,4.0,90.53815261044177,201.0,30.0,3.0,PA,Marquette
Cody Peck,2026,C,2026,C,6-10,82,205,4.0,96.44302964365825,99.0,15.0,2.0,NC,Dayton
Josh Powell,2026,SF,2026,SF,6-5,77,190,,,,,,CA,
Silas Rodriguez,2026,SG,2026,SG,6-2,74,180,,,,,,TX,UT Tyler
Keyshawn Summerville,2026,PG,2026,PG,5-10,70,-,,,,,,MI,
Jacob Williford,2026,SF,2026,SF,6-4,76,185,3.0,84.0,321.0,80.0,21.0,AZ,
Darnell Lloyd,2026,C,2026,C,6-9,81,195,3.0,84.0,321.0,44.0,6.0,PA,Boston University
Darren Moore,2026,PG,2026,PG,6-1,73,170,3.0,80.0,508.0,67.0,12.0,MD,South Florida
Jerry Johnson,2026,SG,2026,SG,6-4,76,165,,,,,,PA,
Gavin Lowe,2026,PG,2026,PG,5-11,71,160,,,,,,UT,UC Irvine
Theo Edema,2026,C,2026,C,6-11,83,235,5.0,97.33972680017729,77.0,13.0,3.0,MA,St. John's
Jemai Lake,2026,CG,2026,CG,6-2,74,170,3.0,86.0,292.0,32.0,2.0,OR,Montana
Denton Forsythe,2026,PG,2026,PG,6-1,73,185,3.0,85.0,304.0,46.0,5.0,OK,Tulsa
Jaden Bailes,2026,CG,2026,CG,6-2,74,185,3.0,85.0,304.0,37.0,27.0,CA,Seattle
Lamin Foon,2026,C,2026,C,6-11,83,205,,,,,,TX,Texas A&M Corpus Christi
Jack Kayil,2026,CG,2026,CG,6-5,77,185,4.0,92.0,161.0,19.0,5.0,GERM,Gonzaga
Anthony Hester,2026,SG,2026,SG,6-6,78,200,,,,,,AR,Arkansas State
Simeon Suguturaga,2026,SG,2026,SG,6-4,76,200,,,,,,UT,Utah
Antoine Almuttar,2026,SF,2026,SF,6-4,76,210,,,,,,TX,Northwestern State
Narcisse Ngoy,2026,C,2026,C,6-10,82,-,,,,,,FRAN,Auburn
Roko Prkacin,2026,PF,2026,PF,6-9,81,225,,,,,,CROA,Penn State
Francois Wibaut,2026,SF,2026,SF,6-6,78,205,,,,,,FRAN,Penn State
Deron Rippey Jr.,2026,PG,2026,PG,6-2,74,175,5.0,99.58742439098647,12.0,1.0,1.0,NJ,Duke
Sinan Huan,2026,C,2026,C,7-0,84,225,5.0,97.61592635872364,67.0,11.0,3.0,MD,Purdue
Jonathan Sanderson,2026,PG,2026,PG,6-2,74,170,5.0,97.44874705063285,75.0,7.0,3.0,IN,Notre Dame
Ashton Pierce,2026,SG,2026,SG,6-3,75,170,4.0,89.53012048192771,248.0,43.0,14.0,NC,Sacramento State
Kosi Mgbejiofor,2026,C,2026,C,6-10,82,205,,,,,,VA,
Isaiah Rogers,2026,CG,2026,CG,6-2,74,165,4.0,94.54817262360478,115.0,13.0,9.0,CA,Stanford
DJ Ogoemeka,2026,C,2026,C,7-0,84,220,,,,,,UT,
Dorion Bowen,2026,CG,2026,CG,6-5,77,185,,,,,,TN,
Luca Foster,2026,SF,2026,SF,6-5,77,185,5.0,98.15117773211016,53.0,20.0,5.0,MO,Gonzaga
Josh Manchester,2026,CG,2026,CG,6-2,74,160,,,,,,WI,Wisconsin
Caeden Hutcherson,2026,SG,2026,SG,6-5,77,180,3.0,85.0,304.0,54.0,19.0,AZ,
Trevon Carter-Givens,2026,C,2026,C,6-11,83,190,4.0,93.85776774881019,141.0,23.0,14.0,CA,Creighton
Adam Tyson,2026,SF,2026,SF,6-6,78,180,4.0,90.84203480589024,194.0,55.0,22.0,CA,
Preston Wade,2026,PF,2026,PF,6-9,81,205,4.0,93.90810958437987,138.0,23.0,25.0,FL,
Sam Hallas,2026,PF,2026,PF,6-7,79,200,,,,,,FL,
Favour Ibe,2026,C,2026,C,7-1,85,235,4.0,93.6217556961402,143.0,24.0,5.0,MD,Virginia
Abdou Toure,2026,SF,2026,SF,6-5,77,200,5.0,99.56732168361293,13.0,5.0,1.0,CT,Arkansas
Jalyn Collingwood,2026,SF,2026,SF,6-5,77,190,4.0,94.20494911642108,125.0,43.0,2.0,DC,Mississippi State
Rajan Roberts,2026,PG,2026,PG,6-1,73,170,3.0,88.70080321285141,266.0,37.0,16.0,AZ,Valparaiso
John Mattingly,2026,PG,2026,PG,6-0,72,175,3.0,82.0,337.0,55.0,22.0,AZ,Nevada
Heimir Helgason,2026,PF,2026,PF,6-9,81,190,,,,,,FL,UMass
Kuol Deng,2026,C,2026,C,6-10,82,210,4.0,89.80722891566263,235.0,38.0,11.0,VA,
Adrian Montague,2026,PG,2026,PG,5-10,70,165,,,,,,OR,
Marcus Vaughns,2026,SF,2026,SF,6-8,80,221,4.0,91.5,169.0,48.0,7.0,AUST,LSU
Kenneth Francis Jr.,2026,SG,2026,SG,6-5,77,190,,,,,,FL,Brown
Manu Manciel,2026,SG,2026,SG,6-3,75,180,4.0,89.93574297188756,230.0,35.0,8.0,UT,Stephen F. Austin
Jaxson Thompson,2026,CG,2026,CG,6-1,73,165,3.0,86.0,292.0,32.0,19.0,TX,Rice
Collin Ross,2026,PF,2026,PF,6-9,81,200,4.0,95.19231888535188,107.0,17.0,7.0,OH,VCU
Mikehi Williams,2026,SF,2026,SF,6-5,77,210,,,,,,GA,Cornell
Alex Davis,2026,C,2026,C,6-8,80,205,,,,,,FL,
Jayden Slaughter,2026,SF,2026,SF,6-5,77,180,,,,,,AR,
Cahlil Jones,2026,PG,2026,PG,6-2,74,185,,,,,,WI,
Malachi Brown,2026,SF,2026,SF,6-5,77,185,4.0,91.06827309236948,182.0,52.0,5.0,TN,Michigan
Madden Smiley,2026,CG,2026,CG,6-4,76,180,,,,,,CO,Wyoming
Cam Hailey,2026,PG,2026,PG,5-11,71,175,,,,,,MA,UMass
Lyndell Buckingham Jr.,2026,CG,2026,CG,6-2,74,170,,,,,,TX,Jacksonville
Shia Francis,2026,SG,2026,SG,6-1,73,195,,,,,,TX,Eastern Illinois
Vuk Lazarevic,2026,C,2026,C,7-1,85,200,,,,,,SERB,Ohio State
Mathias Alessanco,2026,PF,2026,PF,6-8,80,235,,,,,,GA,
Armon Almuttar,2026,SF,2026,SF,6-4,76,210,,,,,,TX,Northwestern State
Cameron Love,2026,SF,2026,SF,6-4,76,180,3.0,82.0,337.0,85.0,3.0,KS,Kansas City
Lazar Stojkovic,2026,PF,2026,PF,6-10,82,-,,,,,,SERB,St. John's
Alexandros Alexakis,2026,SG,2026,SG,6-3,75,185,,,,,,CA,High Point
Jeremy Nyakundi,2026,PF,2026,PF,6-7,79,220,,,,,,TX,Arkansas-Pine Bluff
Endurance Aiyamenkhue,2026,C,2026,C,6-11,83,200,,,,,,NETH,Arizona
Bryson Warren,2026,CG,2026,CG,6-3,75,191,4.0,95.0,109.0,11.0,6.0,NY,Texas A&M
Bo Ogden,2026,SF,2026,SF,6-5,77,195,5.0,98.43883896791176,44.0,16.0,5.0,TX,Texas
Isaiah Ward,2026,PF,2026,PF,6-6,78,185,3.0,86.44444444444444,290.0,47.0,18.0,TX,UTEP
Alex Barther,2026,SG,2026,SG,6-4,76,165,3.0,85.44444444444444,303.0,53.0,24.0,TX,
Cole Cloer,2026,SF,2026,SF,6-7,79,190,4.0,96.74358974358974,93.0,35.0,17.0,FL,NC State
JJ Andrews,2026,SF,2026,SF,6-6,78,220,5.0,99.48485133398701,16.0,6.0,1.0,AR,Arkansas
Dylan Mingo,2026,CG,2026,CG,6-5,77,190,5.0,99.65874646859454,11.0,3.0,1.0,NY,Baylor
Lincoln Cosby,2026,SF,2026,SF,6-8,80,195,5.0,98.45889690310854,42.0,15.0,8.0,FL,Michigan
Ikenna Alozie,2026,CG,2026,CG,6-2,74,185,5.0,98.43207836921823,46.0,6.0,5.0,AZ,Houston
Dean Rueckert,2026,SF,2026,SF,6-8,80,179,5.0,97.28353771832035,80.0,30.0,4.0,UT,BYU
Silas Devonish,2026,PG,2026,PG,5-9,69,155,,,,,,VA,
Moustapha Diop,2026,C,2026,C,6-10,82,215,4.0,94.32147318370473,121.0,19.0,5.0,GA,Georgia Tech
Al'Tariq Reevey,2026,C,2026,C,6-8,80,200,3.0,87.8888888888889,274.0,41.0,5.0,NJ,
Cedric Tomes,2026,PG,2026,PG,6-0,72,160,3.0,88.0,272.0,41.0,6.0,MN,Minnesota
Jamyn Sodrup,2026,C,2026,C,6-9,81,210,,,,,,UT,
Brennan Miller,2026,PF,2026,PF,6-7,79,210,3.0,81.0,355.0,57.0,13.0,IN,SIU Edwardsville
Ethan Sheats,2026,PF,2026,PF,6-8,80,185,,,,,,TX,Omaha
Symon Ghai,2026,C,2026,C,7-3,87,210,4.0,91.92976588628763,163.0,33.0,28.0,FL,Northwestern
Keonte Greybear,2026,CG,2026,CG,6-2,74,180,4.0,90.35341365461848,208.0,27.0,12.0,TX,West Virginia
Anthony Spencer,2026,C,2026,C,6-8,80,185,3.0,82.0,337.0,47.0,30.0,TX,
Cello Jackson,2026,SF,2026,SF,6-4,76,205,4.0,90.94243641231593,188.0,53.0,32.0,FL,Memphis
Aziz Olajuwon,2026,SF,2026,SF,6-7,79,210,5.0,97.56904988963659,69.0,25.0,11.0,FL,Stanford
Aliou Dioum,2026,C,2026,C,6-10,82,200,4.0,93.45492561102827,145.0,25.0,11.0,AZ,West Virginia
Vaughn Karvala,2026,SF,2026,SF,6-6,78,180,5.0,97.79653731984796,61.0,23.0,7.0,AZ,Indiana
Lucas Morillo,2026,SG,2026,SG,6-7,79,180,5.0,98.38081422680689,47.0,8.0,2.0,MA,Illinois
Keeper Jackson,2026,PF,2026,PF,6-8,80,215,4.0,89.2008032128514,257.0,40.0,7.0,TN,Georgia State
Jasiah Cannady,2026,PG,2026,PG,6-1,73,170,4.0,89.62248995983936,247.0,32.0,8.0,MD,UMass Lowell
Jayson Peterson,2026,PF,2026,PF,6-8,80,205,4.0,89.8855421686747,232.0,34.0,7.0,MD,UTSA
Trey Pearson,2026,PG,2026,PG,6-2,74,170,4.0,91.3748326639893,171.0,18.0,4.0,TN,High Point
Desmond Bellot,2026,SG,2026,SG,6-3,75,170,4.0,90.18072289156626,216.0,32.0,8.0,MA,Fordham
Ben Akoro,2026,PF,2026,PF,6-7,79,-,,,,,,IL,
Tre Paulding,2026,SF,2026,SF,6-5,77,200,,,,,,MO,Drexel
Jonny Jordan,2026,PG,2026,PG,6-3,75,175,3.0,82.0,337.0,55.0,10.0,MO,Omaha
Reece Davidson,2026,PF,2026,PF,6-7,79,220,3.0,86.0,292.0,49.0,2.0,KY,Liberty
Adonai Tyrance,2026,PF,2026,PF,6-7,79,195,,,,,,NC,
Jordan Williams,2026,SF,2026,SF,6-6,78,200,3.0,84.0,321.0,80.0,9.0,IL,Illinois State
Rashan Porter,2026,PF,2026,PF,6-7,79,205,,,,,,IL,
Trevor Manhertz,2026,SF,2026,SF,6-8,80,185,5.0,97.46204438713606,74.0,29.0,1.0,NC,Indiana
Sawyer Dotson,2026,PF,2026,PF,6-7,79,200,3.0,84.5,319.0,53.0,27.0,TX,Lipscomb
Lane Webster,2026,PF,2026,PF,6-8,80,205,,,,,,AR,
Cheick Sylla,2026,C,2026,C,6-9,81,240,,,,,,ME,UMass
Miles Flemons,2026,C,2026,C,6-7,79,255,3.0,85.0,304.0,43.0,5.0,OK,Drake
Tayshaun Williams,2026,SG,2026,SG,6-4,76,180,,,,,,TX,
Blake Ellwein,2026,PF,2026,PF,6-9,81,230,,,,,,SD,South Dakota State
Trace Westercamp,2026,PF,2026,PF,6-9,81,195,,,,,,FL,Florida Gulf Coast
Malik Gillespie,2026,CG,2026,CG,6-2,74,175,,,,,,GA,Morehead State
Rylan Kelly,2026,SG,2026,SG,6-3,75,185,,,,,,TX,Sam Houston
Cameron Brown,2026,SG,2026,SG,6-6,78,200,,,,,,TN,
Haiden Harper,2026,PG,2026,PG,6-1,73,155,,,,,,AL,Georgia Tech
Quinn Ellis,2026,PG,2026,PG,6-4,76,172,,,,,,ENGL,St. John's
Abdramane Siby,2026,C,2026,C,6-11,83,210,,,,,,SERB,Syracuse
Mantas Laurencikas,2026,PG,2026,PG,6-3,75,-,,,,,,LITH,Texas
Christopher Washington Jr.,2026,SF,2026,SF,6-9,81,195,5.0,98.20915770103828,51.0,19.0,1.0,TN,Tennessee
Adam Oumiddoch,2026,SG,2026,SG,6-5,77,180,5.0,97.79882070086366,60.0,10.0,3.0,GA,Villanova
Marcus Johnson,2026,PG,2026,PG,6-2,74,180,5.0,97.42425666993505,76.0,8.0,5.0,OH,South Carolina
Toni Bryant,2026,PF,2026,PF,6-9,81,215,5.0,99.28185428447345,20.0,5.0,5.0,FL,Missouri
Collin Paul,2026,SF,2026,SF,6-7,79,225,4.0,94.06655831799885,130.0,44.0,23.0,FL,Florida State
Jonny Collins,2026,CG,2026,CG,6-1,73,165,,,,,,NV,
Andrew Hilman,2026,SG,2026,SG,6-4,76,180,4.0,90.86211512717536,192.0,28.0,21.0,CA,San Francisco
Christian Gibson,2026,SF,2026,SF,6-5,77,190,4.0,94.45670306644638,118.0,41.0,8.0,TX,
Willie Burnett III,2026,CG,2026,CG,6-4,76,175,4.0,96.79511804184408,91.0,9.0,6.0,VA,Mississippi State
Justin Caldwell,2026,PF,2026,PF,6-9,81,235,4.0,93.3357689397501,148.0,24.0,4.0,NC,Georgetown
Yusef Gray Jr.,2026,PG,2026,PG,6-3,75,170,4.0,90.52744310575635,202.0,25.0,2.0,WI,Iowa State
Gavin Placide,2026,PF,2026,PF,6-9,81,220,5.0,97.2212148482447,81.0,11.0,6.0,TX,Wake Forest
Chace Holley,2026,PG,2026,PG,6-0,72,160,3.0,85.0,304.0,46.0,27.0,CA,Pepperdine
Nas Rankin,2026,PG,2026,PG,6-0,72,170,,,,,,IL,Illinois
Lincoln Williams,2026,SF,2026,SF,6-5,77,180,4.0,90.81392235609103,196.0,56.0,1.0,IL,
Tobias Brinkley,2026,CG,2026,CG,6-5,77,170,,,,,,GA,Tulane
Landyn Colyer,2026,SG,2026,SG,6-6,78,180,4.0,92.74358526637207,154.0,21.0,27.0,FL,Middle Tennessee
Jackson Sheffield,2026,C,2026,C,6-9,81,240,4.0,96.12371447887425,102.0,16.0,2.0,AL,Vanderbilt
Sam Simmons Jr.,2026,PG,2026,PG,5-9,69,160,3.0,86.5,286.0,43.0,1.0,KS,Richmond
Fred Smith Jr.,2026,PF,2026,PF,6-6,78,210,4.0,96.53432011210953,98.0,15.0,2.0,TN,Memphis
Eli Sancomb,2026,CG,2026,CG,6-5,77,190,4.0,93.98263734984532,133.0,16.0,1.0,WV,Liberty
Brayden Jones,2026,CG,2026,CG,6-1,73,170,,,,,,TX,
Kensington Candler,2026,CG,2026,CG,6-1,73,165,,,,,,TX,Stephen F. Austin
Brayde Kuykendall,2026,PG,2026,PG,6-5,77,180,,,,,,CA,Santa Clara
Jackson Williams,2026,SG,2026,SG,6-4,76,170,,,,,,OH,Duquesne
Jhett Carter,2026,SF,2026,SF,6-5,77,190,,,,,,VA,Wofford
Amadou Seini,2026,C,2026,C,7-1,85,230,5.0,97.74961607858414,64.0,9.0,8.0,AZ,West Virginia
Djordije Jovanovic,2026,SF,2026,SF,6-7,79,190,,,,,,MONN,St. John's
Andy Gemao,2026,PG,2026,PG,6-1,73,170,,,,,,OH,Penn State
Dominykas Daubaris,2026,PF,2026,PF,6-9,81,215,,,,,,LITH,California
Ousmane N'Diaye,2026,C,2026,C,6-11,83,-,,,,,,SENE,Kentucky
Tyran Stokes,2026,SF,2026,SF,6-7,79,230,5.0,100.0,1.0,1.0,1.0,WA,Kansas
Keiner Asprilla,2026,C,2026,C,7-0,84,270,,,,,,NJ,
TJ Crumble,2026,PF,2026,PF,6-7,79,210,4.0,90.90227576974564,189.0,30.0,9.0,NY,North Texas
Boden Williams,2026,CG,2026,CG,6-2,74,170,3.0,87.5,275.0,30.0,3.0,OK,Oral Roberts
Raheem Bradley,2026,PG,2026,PG,5-10,70,150,,,,,,WI,
Mason Magee,2026,PG,2026,PG,6-0,72,165,4.0,90.50066934404283,205.0,26.0,15.0,AZ,San Francisco
Mavrick Hawkins,2026,CG,2026,CG,6-2,74,180,,,,,,MO,Vanderbilt
Martechio Hayes,2026,SG,2026,SG,6-4,76,170,4.0,89.01874163319947,261.0,45.0,8.0,TN,
Jordan Skyers,2026,CG,2026,CG,6-2,74,175,4.0,90.55153949129853,200.0,24.0,3.0,CT,Norfolk State
JRob Croy,2026,CG,2026,CG,6-5,77,190,4.0,94.13291963841989,128.0,15.0,12.0,CA,Arizona State
Eddie Smajic,2026,SG,2026,SG,6-6,78,205,,,,,,MO,
Rassell Young,2026,PG,2026,PG,6-2,74,160,3.0,82.0,337.0,55.0,17.0,NC,Alcorn State
Anthony Thompson,2026,SF,2026,SF,6-8,80,205,5.0,99.71900981853837,8.0,3.0,1.0,OH,Ohio State
Ryan Kreager,2026,C,2026,C,6-10,82,210,4.0,90.11780455153949,220.0,36.0,3.0,MN,Loyola
Ashton Meeks,2026,CG,2026,CG,5-10,70,165,4.0,90.47389558232932,206.0,26.0,6.0,MD,James Madison
Bruce Branch III,2026,SF,2026,SF,6-7,79,190,5.0,99.8438794195735,5.0,2.0,2.0,FL,BYU
Sammy Jackson,2026,SF,2026,SF,6-7,79,205,5.0,97.85908405080745,58.0,21.0,1.0,PA,VCU
Ryan Moesch,2026,PG,2026,PG,6-0,72,170,4.0,91.25435073627845,175.0,19.0,6.0,MA,Syracuse
Gan-Erdene Solongo,2026,C,2026,C,7-0,84,230,4.0,93.02931234413684,150.0,27.0,5.0,IN,Notre Dame
Jaden Ghoreishi,2026,C,2026,C,6-9,81,215,4.0,90.08232931726909,221.0,37.0,4.0,WA,Colorado State
Nolen Anderson,2026,SF,2026,SF,6-6,78,180,4.0,95.22578608749379,106.0,40.0,1.0,MN,Minnesota
Isaiah Wilks,2026,PG,2026,PG,5-9,69,160,4.0,90.12048192771084,219.0,30.0,2.0,OK,Louisiana
Caden Deffebaugh,2026,SF,2026,SF,6-4,76,185,,,,,,TX,New Mexico State
Amare Hereford,2026,CG,2026,CG,6-2,74,175,,,,,,WI,Milwaukee
Dorian Rinaldo-Komlan,2026,C,2026,C,6-10,82,215,4.0,96.63758713784907,96.0,14.0,6.0,OH,Iowa State
Jose Martins,2026,PG,2026,PG,6-2,74,165,,,,,,TX,Western Carolina
Domen Petrovic,2026,PF,2026,PF,6-9,81,-,,,,,,SLOV,Florida
Kota Suttle,2026,CG,2026,CG,6-3,75,192,4.0,89.44042838018743,249.0,29.0,23.0,CA,UNLV
AJ Williams,2026,SF,2026,SF,6-7,79,180,,,,,,NJ,
Jayden Johnson,2026,SG,2026,SG,6-6,78,180,4.0,89.71619812583668,241.0,40.0,1.0,KY,South Florida
Trevaun Clark,2026,PF,2026,PF,6-7,79,180,,,,,,TX,
Talon Todd,2026,PG,2026,PG,6-0,72,160,3.0,82.0,337.0,55.0,30.0,TX,Austin Peay
Nasir Price,2026,SG,2026,SG,6-3,75,155,4.0,89.90093708165996,231.0,36.0,15.0,TX,UTSA
Aiden Derkack,2026,SG,2026,SG,6-6,78,180,5.0,97.531172628082,71.0,11.0,4.0,OH,Dayton
Kalek House,2026,SG,2026,SG,6-3,75,180,4.0,96.68354577731215,94.0,14.0,9.0,AZ,Xavier
Ashton McCullough,2026,PG,2026,PG,6-3,75,170,,,,,,CA,East Carolina
Jaron Saulsberry,2026,SF,2026,SF,6-6,78,170,4.0,90.76840696117806,197.0,57.0,12.0,GA,Ole Miss
Zach White,2026,SF,2026,SF,6-5,77,165,4.0,89.40160642570281,250.0,69.0,24.0,CA,San Diego State
Parker Robinson,2026,SG,2026,SG,6-4,76,200,4.0,91.02275769745648,186.0,27.0,11.0,GA,Oklahoma State
Dionte Neal,2026,PG,2026,PG,5-9,69,150,4.0,92.80209354698616,153.0,15.0,6.0,NC,UNC Greensboro
Dothan Ijadimbola,2026,SF,2026,SF,6-6,78,180,4.0,89.82864792503347,234.0,67.0,4.0,MN,Drake
Ethan Mgbako,2026,SF,2026,SF,6-6,78,215,5.0,97.50220502970633,72.0,27.0,5.0,VA,Vanderbilt
Felipe Quinones,2026,CG,2026,CG,6-4,76,180,4.0,96.25968757975045,101.0,10.0,19.0,FL,Florida Atlantic
Korie Corbett,2026,SF,2026,SF,6-4,76,170,4.0,89.8433734939759,233.0,66.0,10.0,VA,UAB
Ethan Long,2026,PF,2026,PF,6-8,80,190,,,,,,AR,
Andre Tyler,2026,SF,2026,SF,6-5,77,180,3.0,85.0,304.0,76.0,19.0,AZ,
Derrick Morton-Rivera,2026,SG,2026,SG,6-3,75,160,4.0,89.72489959839358,240.0,39.0,4.0,PA,Temple
Xavier Muhammad,2026,PF,2026,PF,6-4,76,275,,,,,,TX,
Shane Pendergrass,2026,PF,2026,PF,6-8,80,210,4.0,93.96762076175382,135.0,20.0,8.0,VA,George Mason
Martay Barnes,2026,CG,2026,CG,6-2,74,170,5.0,97.12513375687813,84.0,8.0,13.0,FL,Florida State
Tim Winkler,2026,C,2026,C,6-10,82,210,,,,,,FL,
Herly Brutus,2026,SF,2026,SF,6-5,77,180,4.0,94.22478319073396,124.0,42.0,22.0,FL,Butler
Jeremiah Jackson,2026,SF,2026,SF,6-4,76,190,3.0,81.0,355.0,87.0,5.0,KY,Southern Illinois
Carter Basquez,2026,SF,2026,SF,6-5,77,175,3.0,84.0,321.0,80.0,1.0,NM,
Xavier Roberson,2026,PF,2026,PF,6-7,79,190,3.0,81.0,355.0,57.0,34.0,TX,Sam Houston
Bryson Howard,2026,SG,2026,SG,6-4,76,188,5.0,99.26403495811563,22.0,4.0,1.0,TX,Duke
Nash Walker,2026,SG,2026,SG,6-6,78,175,,,,,,AUST,Marquette
Isaiah Brown,2026,C,2026,C,6-9,81,190,,,,,,FL,North Florida
Rashaun Porter,2026,PF,2026,PF,6-7,79,210,3.0,85.0,304.0,52.0,8.0,IL,Toledo
Gavin Murphy,2026,PG,2026,PG,5-11,71,160,,,,,,KY,Western Kentucky
Jeremiah Hammond,2026,PG,2026,PG,6-3,75,170,3.0,82.0,337.0,55.0,42.0,FL,Northern Colorado
Henry Beckett,2026,PF,2026,PF,6-7,79,215,,,,,,TX,Cal State Fullerton
Aaron McGee,2026,SG,2026,SG,6-4,76,175,3.0,87.0,278.0,49.0,13.0,FL,Arkansas State
Amir Jones,2026,CG,2026,CG,6-3,75,180,,,,,,CA,Colorado
Takeo McCrae,2026,CG,2026,CG,6-4,76,205,,,,,,OR,
Colt Busse,2026,CG,2026,CG,6-4,76,160,,,,,,MD,East Tennessee State
Elliot Moskowitz,2026,CG,2026,CG,6-3,75,170,3.0,81.0,355.0,42.0,3.0,CO,Kansas City
Diego Roman,2026,PG,2026,PG,6-6,78,200,,,,,,SWIT,South Alabama
Wini Braga,2026,PF,2026,PF,6-9,81,200,,,,,,BRAZ,Washington
Maxim Klitschko,2026,C,2026,C,7-1,85,240,,,,,,UKRA,East Carolina
Clemens Sokolov,2026,C,2026,C,6-11,83,-,,,,,,GERM,Indiana
Caleb Holt,2026,SG,2026,SG,6-5,77,200,5.0,99.93978142223297,2.0,1.0,1.0,FL,Arizona
Jason Crowe Jr.,2026,CG,2026,CG,6-3,75,170,5.0,99.75693185226972,6.0,2.0,1.0,CA,Missouri
Caleb Gaskins,2026,PF,2026,PF,6-8,80,219,5.0,99.54054792189942,15.0,3.0,4.0,FL,Miami
Jayden Hodge,2026,SF,2026,SF,6-6,78,190,5.0,97.06052750578681,86.0,32.0,14.0,FL,Northwestern
Kendre Harrison,2026,C,2026,C,6-7,79,243,4.0,92.94170214861676,151.0,28.0,5.0,NC,Oregon
Jacob Lanier,2026,SG,2026,SG,6-5,77,180,4.0,94.42115395808429,120.0,18.0,2.0,AR,Nebraska
Hassan Koureissi,2026,SG,2026,SG,6-3,75,170,4.0,89.95180722891565,229.0,34.0,11.0,NY,Fordham
Joe Sterling,2026,CG,2026,CG,6-4,76,180,4.0,94.30743262906698,122.0,14.0,10.0,CA,Texas
Yeshua Kesse-Beda,2026,PF,2026,PF,6-7,79,205,,,,,,CA,Fresno State
Chris Powell,2026,SG,2026,SG,6-3,75,170,3.0,88.59170013386881,268.0,47.0,38.0,FL,
Austin Goosby,2026,CG,2026,CG,6-5,77,186,5.0,99.20386115252536,23.0,4.0,2.0,TX,Texas
Cam Lomax,2026,CG,2026,CG,6-0,72,165,4.0,93.61820973973933,144.0,18.0,9.0,TX,SMU
Jaelon Germany,2026,PG,2026,PG,6-2,74,165,3.0,84.0,321.0,50.0,28.0,TX,Holy Cross
Tre Raymon,2026,PF,2026,PF,6-8,80,200,,,,,,SC,
Colben Landrew,2026,SF,2026,SF,6-6,78,235,5.0,99.1213012585459,26.0,9.0,2.0,GA,UConn
William Gerdes,2026,SF,2026,SF,6-8,80,-,,,,,,IA,Northern Iowa
Donovan Williams,2026,CG,2026,CG,6-3,75,180,4.0,90.01472556894244,223.0,28.0,33.0,FL,Georgia
Isaac Ellis,2026,PG,2026,PG,6-1,73,165,4.0,90.00602409638554,224.0,31.0,12.0,NC,Louisville
Christian Wiggins,2026,SG,2026,SG,6-4,76,180,4.0,94.19085483517124,126.0,20.0,2.0,MN,Iowa State
Jaden Shipley,2026,PG,2026,PG,6-4,76,-,,,,,,PA,
Josiah Sanders,2026,PF,2026,PF,6-7,79,200,4.0,89.33333333333333,254.0,39.0,6.0,TN,
Yabi Aklog,2026,C,2026,C,6-10,82,230,4.0,94.04267683890525,131.0,22.0,3.0,WA,Oregon State
Marquis Clark,2026,PG,2026,PG,6-1,73,175,4.0,89.21954484605088,256.0,35.0,3.0,IL,Tennessee
Delano Tarpley,2026,C,2026,C,6-11,83,245,,,,,,CA,UTEP
Brady Hennig,2026,SG,2026,SG,6-6,78,180,4.0,90.00200803212851,225.0,33.0,5.0,WA,Boise State
Tyler Jones,2026,SG,2026,SG,6-3,75,185,3.0,85.0,304.0,54.0,15.0,NC,Albany
DJ Biggins,2026,CG,2026,CG,6-1,73,170,,,,,,CT,
Dywane Chess,2026,SG,2026,SG,6-3,75,180,3.0,82.0,337.0,60.0,1.0,RI,Marist
Eli Jolin,2026,SG,2026,SG,6-6,78,-,,,,,,ON,
Jaen Chatman,2026,PG,2026,PG,6-1,73,190,4.0,94.45581657734617,119.0,11.0,3.0,NJ,Rhode Island
Pops Dunson,2026,PG,2026,PG,6-0,72,185,4.0,90.14457831325302,218.0,29.0,13.0,GA,Colorado State
Nathan Kirk,2026,PG,2026,PG,6-0,72,175,,,,,,FL,Iona
Landon Davis,2026,PF,2026,PF,6-8,80,210,4.0,89.13788487282461,259.0,41.0,5.0,IA,Illinois
Marcus Moller,2026,C,2026,C,7-3,87,230,,,,,,DENM,Michigan
Jackson Kiss,2026,C,2026,C,6-8,80,230,4.0,94.18773869166745,127.0,20.0,5.0,UT,UNLV
Sidy Diakhate,2026,PF,2026,PF,6-9,81,210,,,,,,UT,North Dakota
Joaquim Boumtje Boumtje,2026,C,2026,C,7-0,84,230,5.0,98.0,54.0,6.0,1.0,SPAI,Duke
Stephon Ashley-Wright,2026,PG,2026,PG,5-11,71,150,,,,,,PA,Towson
Ralfs Rudusans,2026,SF,2026,SF,6-8,80,-,,,,,,MD,Lehigh
Alex Dickeson,2026,PG,2026,PG,6-3,75,-,,,,,,AUST,Colorado
Kenan Gilao,2026,PF,2026,PF,6-9,81,190,,,,,,CANA,Marshall
Marko Maric,2026,C,2026,C,7-0,84,-,,,,,,CROA,Butler
Roman Stathis,2026,SF,2026,SF,6-7,79,225,,,,,,AUST,Washington State
Luke Mirhashemi,2026,PG,2026,PG,6-5,77,-,,,,,,CA,Colorado
Tegra Makabu,2026,PF,2026,PF,6-9,81,-,,,,,,FL,Baylor
Iker Martinez,2026,C,2026,C,7-0,84,230,,,,,,FL,Syracuse
Siebe Ledegen,2026,SF,2026,SF,6-6,78,-,,,,,,BELG,Ohio
Cameron Holmes,2026,SF,2026,SF,6-6,78,205,5.0,98.46794088281779,41.0,14.0,3.0,AZ,Arizona
Chidi Nwigwe,2026,SF,2026,SF,6-7,79,195,4.0,91.07630522088353,181.0,51.0,6.0,UT,Sacramento State
Rashod Cotton,2026,PG,2026,PG,5-11,71,155,,,,,,CA,
Kaiden Bailey,2026,CG,2026,CG,6-2,74,180,4.0,91.04953145917001,185.0,23.0,19.0,CA,Georgia Tech
Trae Nunn,2026,SF,2026,SF,6-4,76,205,3.0,82.0,337.0,85.0,30.0,TX,Columbia
Kaden House,2026,CG,2026,CG,6-3,75,173,5.0,98.44331618558964,43.0,5.0,4.0,AZ,Maryland
Jaylen Alexander,2026,PG,2026,PG,6-2,74,175,4.0,90.88353413654619,191.0,22.0,3.0,AL,Kansas State
Jayden Joseph,2026,SG,2026,SG,6-2,74,180,,,,,,VA,Florida A&M
Ethan Taylor,2026,C,2026,C,7-0,84,244,5.0,98.62616575555286,38.0,4.0,3.0,MO,Michigan State
Seven Spurlock,2026,SF,2026,SF,6-5,77,210,4.0,90.36680053547524,207.0,59.0,11.0,TX,Oregon
Sam Fleming,2026,PF,2026,PF,6-7,79,205,4.0,90.23025435073627,212.0,31.0,7.0,MA,
Julien Smith,2026,PG,2026,PG,5-10,70,160,,,,,,IN,
Brayden Kyman,2026,PF,2026,PF,6-7,79,215,4.0,89.35341365461848,252.0,38.0,25.0,CA,Washington State
Jalan Wingfield,2026,PF,2026,PF,6-8,80,225,4.0,91.0896921017403,180.0,28.0,10.0,GA,FIU
RJ Smith,2026,PG,2026,PG,5-9,69,150,,,,,,PA,La Salle
Caleb Williams,2026,SG,2026,SG,6-5,77,195,4.0,89.76706827309238,238.0,38.0,34.0,FL,Auburn
Jacob Webber,2026,SF,2026,SF,6-6,78,175,5.0,97.75418284061551,62.0,24.0,2.0,NE,Purdue
Adam Boyd,2026,CG,2026,CG,6-3,75,160,3.0,85.5,301.0,36.0,23.0,TX,Louisiana Tech
Arafan Diane,2026,C,2026,C,7-1,85,290,5.0,99.11239159536699,27.0,2.0,1.0,IA,Houston
Sifeng Huan,2026,C,2026,C,6-10,82,210,3.0,83.0,332.0,46.0,10.0,MD,UMBC
Jamyn Sondrup,2026,C,2026,C,6-9,81,225,4.0,90.73895582329317,198.0,35.0,7.0,UT,Purdue
Max VanLaningham,2026,PF,2026,PF,6-7,79,220,3.0,86.1111111111111,291.0,48.0,26.0,CA,Long Beach State
Adama Tambedou,2026,PF,2026,PF,6-7,79,230,4.0,93.92083383702033,137.0,22.0,2.0,CT,Maryland
Curtis Coleman,2026,SG,2026,SG,6-5,77,180,,,,,,NV,
Oesoemana Sacko,2026,C,2026,C,6-8,80,200,,,,,,NY,
Ja'Cori Jones,2026,CG,2026,CG,5-11,71,155,3.0,80.0,365.0,43.0,36.0,TX,Texas A&M Corpus Christi
Quinn Costello,2026,PF,2026,PF,6-10,82,195,5.0,98.85356364141069,32.0,6.0,1.0,MA,Michigan
Austin Senters,2026,SF,2026,SF,6-4,76,185,,,,,,TX,
Connor Lyons,2026,C,2026,C,6-8,80,215,,,,,,VA,
Finley Billy,2026,PF,2026,PF,6-7,79,200,,,,,,DC,Pennsylvania
Julian Washington,2026,SG,2026,SG,6-4,76,170,4.0,89.04149933065595,260.0,44.0,9.0,OH,Dayton
Ethan Lin,2026,PG,2026,PG,6-5,77,165,3.0,82.0,337.0,55.0,7.0,NJ,Pennsylvania
Race Kowalczyk,2026,SF,2026,SF,6-6,78,180,,,,,,OH,Bradley
Kamai Samuels,2026,PG,2026,PG,6-2,74,180,4.0,90.16064257028113,217.0,28.0,4.0,CT,
Nicolas Mitrovic,2026,C,2026,C,6-10,82,200,4.0,92.72742474916387,156.0,30.0,5.0,MA,California
Gabriel Landeira,2026,PG,2026,PG,6-6,78,185,,,,,,BRAZ,Georgetown
Nick Shrewsberry,2026,SG,2026,SG,6-5,77,170,,,,,,IN,Notre Dame
Greg Howard Jr.,2026,SG,2026,SG,6-2,74,180,,,,,,OH,Cal State Fullerton
Bol Wieu Thet,2026,C,2026,C,6-10,82,195,,,,,,MD,Siena
Cooper Knowles,2026,C,2026,C,6-10,82,-,,,,,,IL,
Alex Ensor,2026,C,2026,C,7-1,85,225,,,,,,AZ,Santa Clara
Goc Malual,2026,PF,2026,PF,6-9,81,-,,,,,,AUST,Colorado
Marcio Santos,2026,PF,2026,PF,6-8,80,-,,,,,,BRAZ,LSU
Mantas Rubstavicius,2026,SF,2026,SF,6-6,78,-,,,,,,LITH,Auburn
Tristan Devers,2026,CG,2026,CG,6-3,75,180,,,,,,AUST,Washington
Jalen Montonati,2026,SF,2026,SF,6-7,79,175,4.0,96.79064082416623,92.0,34.0,1.0,OK,Oklahoma State
Kobe Edwards,2026,PG,2026,PG,6-1,73,160,4.0,90.6760374832664,199.0,24.0,8.0,NC,College of Charleston
Sam Funches,2026,C,2026,C,6-10,82,215,4.0,94.83008511190808,112.0,17.0,1.0,MS,Gonzaga
Xavier Green,2026,PG,2026,PG,5-10,70,165,,,,,,TX,
Marcis Ponder,2026,C,2026,C,6-11,83,328,5.0,98.48795404583775,40.0,5.0,3.0,VA,Florida State
Chase Foster,2026,PF,2026,PF,6-8,80,210,5.0,98.64850707176532,37.0,8.0,7.0,FL,Pittsburgh
Julius Avent,2026,PF,2026,PF,6-7,79,220,4.0,96.96243166646519,87.0,13.0,2.0,NJ,Michigan State
Noah Smith,2026,PF,2026,PF,6-8,80,200,4.0,93.05982010539371,149.0,25.0,4.0,IN,DePaul
Elhadji Diallo,2026,PF,2026,PF,6-7,79,200,4.0,90.06157965194109,222.0,32.0,11.0,NC,UMass Lowell
Luke Susko,2026,SF,2026,SF,6-6,78,175,3.0,81.0,355.0,87.0,34.0,TX,Southern Illinois
Miikka Muurinen,2026,PF,2026,PF,6-10,82,205,5.0,98.0,54.0,9.0,1.0,SERB,Arkansas
Rylan Parsley,2026,SF,2026,SF,6-5,77,180,,,,,,AZ,Fresno State
Ian Williams,2026,PG,2026,PG,5-10,70,160,,,,,,PA,
Nasir Ralls,2026,SG,2026,SG,6-0,72,160,,,,,,PA,
Jasiah Jervis,2026,SG,2026,SG,6-4,76,190,5.0,98.93392969872802,31.0,6.0,4.0,NY,Michigan State
Quentin Coleman,2026,SG,2026,SG,6-4,76,180,5.0,99.43801963707672,17.0,3.0,1.0,MO,Illinois
Beau Billingsley,2026,PG,2026,PG,5-11,71,170,,,,,,OK,Texas A&M Corpus Christi
Emilis Zibuda,2026,SF,2026,SF,6-6,78,180,,,,,,UT,
Luke Barnett,2026,SG,2026,SG,6-4,76,180,4.0,94.25164649680103,123.0,19.0,11.0,CA,Kansas
Darius Ratliff,2026,C,2026,C,6-11,83,210,5.0,99.00310271185076,30.0,3.0,3.0,NY,USC
Gage Howard,2026,C,2026,C,6-6,78,225,3.0,81.0,355.0,48.0,11.0,MD,Loyola Maryland
Jahda Swann,2026,SG,2026,SG,6-4,76,180,,,,,,VA,
Drew Anderson,2026,PF,2026,PF,6-9,81,215,4.0,95.10866207304133,108.0,18.0,8.0,CA,Stanford
Trey Williams,2026,PG,2026,PG,6-2,74,175,,,,,,IL,Cornell
Dionycius Bakare,2026,SF,2026,SF,6-5,77,190,4.0,90.52610441767068,203.0,58.0,14.0,AZ,California
Jones Lay,2026,C,2026,C,7-0,84,230,,,,,,NC,Florida
Peyton Miller,2026,CG,2026,CG,6-3,75,180,3.0,86.5,286.0,31.0,18.0,GA,George Mason
Hudson Lucas,2026,PF,2026,PF,6-8,80,200,3.0,86.0,292.0,49.0,19.0,TX,Nevada
BJ Brown,2026,SG,2026,SG,6-5,77,210,,,,,,SC,Drexel
TJ Moultrie,2026,CG,2026,CG,6-3,75,195,,,,,,MD,Army
Grant Mordini,2026,C,2026,C,6-10,82,210,,,,,,CT,Kansas
Tyre Acuff,2026,PG,2026,PG,6-2,74,191,,,,,,MI,Central Michigan
Akoldah Gak,2026,PF,2026,PF,6-11,83,225,3.0,86.96296296296295,256.0,48.0,6.0,AUST,Oklahoma
Alex Constanza,2026,SF,2026,SF,6-8,80,205,5.0,97.83432503704898,59.0,22.0,3.0,OH,
Joseph Hartman,2026,SG,2026,SG,6-6,78,193,4.0,96.86648489162894,90.0,13.0,16.0,FL,Michigan
Jachai Cantave,2026,PG,2026,PG,6-1,73,160,3.0,85.0,304.0,46.0,25.0,TX,New Mexico State
Tyus Thomas,2026,PG,2026,PG,5-10,70,180,4.0,89.33333333333333,254.0,34.0,1.0,NV,Houston
Elijah Garrett,2026,PG,2026,PG,6-0,72,155,3.0,84.0,321.0,50.0,28.0,TX,Illinois-Chicago
Brandon Bass Jr.,2026,SG,2026,SG,6-4,76,185,4.0,94.66646071465347,113.0,16.0,20.0,FL,Florida State
SJ Madison,2026,SF,2026,SF,6-5,77,185,4.0,91.38821954484605,170.0,49.0,18.0,CA,Nevada
Stephen Brown,2026,SF,2026,SF,6-7,79,205,,,,,,IL,
Darien Moore,2026,CG,2026,CG,6-2,74,170,4.0,91.31726907630521,172.0,20.0,1.0,NH,Seton Hall
Brayden Barrett,2026,SG,2026,SG,6-5,77,170,,,,,,AZ,
Q Williams,2026,PG,2026,PG,5-9,69,170,3.0,81.0,355.0,62.0,18.0,NC,Coastal Carolina
Rivers Knight,2026,PF,2026,PF,6-8,80,205,4.0,89.67737617135208,244.0,36.0,8.0,IN,Purdue
Rokiem Green,2026,SG,2026,SG,6-2,74,170,3.0,88.16666666666666,269.0,48.0,17.0,AZ,San Jose State
Kole Grandison,2026,SF,2026,SF,6-6,78,205,3.0,87.44444444444444,276.0,73.0,17.0,GA,Texas State
Donovan Carney,2026,SG,2026,SG,6-2,74,170,,,,,,PA,
Jaidyn Coon,2026,SF,2026,SF,6-6,78,180,4.0,95.80113094518543,103.0,38.0,3.0,IA,Iowa
Evan Roberts,2026,PG,2026,PG,6-1,73,170,3.0,86.66666666666666,285.0,42.0,39.0,FL,Jacksonville
Aiden Able,2026,SG,2026,SG,6-4,76,-,,,,,,MD,UMBC
Keon Mitchell,2026,PG,2026,PG,6-2,74,170,,,,,,VA,
Trey Beamer,2026,PG,2026,PG,6-1,73,160,4.0,94.00464287473193,132.0,12.0,24.0,FL,FIU
Tyshawn Duncan,2026,C,2026,C,6-8,80,215,4.0,91.25033467202142,176.0,34.0,1.0,LA,Louisiana
Harris Reynolds,2026,SG,2026,SG,6-4,76,170,4.0,94.46280103692362,117.0,17.0,4.0,GA,Clemson
Kai McGrew,2026,PF,2026,PF,6-8,80,210,3.0,87.0,278.0,43.0,11.0,IN,Ball State
Christopher Kirkpatrick,2026,SG,2026,SG,6-3,75,175,3.0,86.83333333333334,283.0,51.0,5.0,IL,Princeton
Jackson Ball,2026,SG,2026,SG,6-4,76,-,,,,,,NEW ,Wisconsin
Jonathan Moss,2026,PG,2026,PG,6-0,72,160,3.0,85.0,304.0,46.0,4.0,KY,Appalachian State
Jaroslavs Pihtovs,2026,C,2026,C,6-9,81,215,4.0,94.09793018226753,129.0,21.0,13.0,CA,San Francisco
Louis O'Keefe,2026,SG,2026,SG,6-3,75,180,3.0,82.0,337.0,60.0,10.0,MA,Princeton
Chadrack Mpoyi,2026,C,2026,C,6-10,82,240,4.0,92.89255125294936,152.0,29.0,16.0,CA,Minnesota
Marvin Christie,2026,SG,2026,SG,6-3,75,180,,,,,,FL,Jacksonville State
Baron Walker,2026,CG,2026,CG,6-1,73,180,,,,,,IN,Butler
Diing Maiwen,2026,SF,2026,SF,6-6,78,-,,,,,,NY,
RJ Jones,2026,SG,2026,SG,6-4,76,175,,,,,,OH,Akron
Owen Foxwell,2026,PG,2026,PG,6-2,74,180,,,,,,AUST,Wisconsin
Jake Feldhaus,2026,PF,2026,PF,6-8,80,220,,,,,,KY,South Florida
Colton Crowdis,2026,PG,2026,PG,6-4,76,180,,,,,,ME,Marquette
Amari Barrett,2026,SG,2026,SG,6-4,76,180,3.0,87.0,278.0,49.0,4.0,OK,
Maper Maker,2026,C,2026,C,7-0,84,215,4.0,92.65060240963855,157.0,31.0,4.0,AUST,
Trent Perry,2026,SF,2026,SF,6-5,77,190,4.0,96.3849153581998,100.0,37.0,7.0,MO,Kansas
Jordan Smith Jr.,2026,CG,2026,CG,6-2,74,200,5.0,99.93087175905406,3.0,1.0,1.0,VA,Arkansas
Jaxon Richardson,2026,SF,2026,SF,6-5,77,205,5.0,99.13912058490371,24.0,7.0,6.0,FL,Alabama
Jasen Lopez,2026,PG,2026,PG,5-11,71,180,4.0,93.4136546184739,146.0,14.0,26.0,FL,Florida State
Kevin Thomas,2026,SF,2026,SF,6-6,78,195,4.0,96.67929242051821,95.0,36.0,18.0,FL,North Carolina
Jaxson Terry,2026,SF,2026,SF,6-5,77,180,4.0,89.70281124497993,242.0,68.0,9.0,MA,Loyola
KJ Torbert,2026,SF,2026,SF,6-4,76,190,3.0,84.0,321.0,80.0,2.0,MI,Bowling Green
Manny Green,2026,PF,2026,PF,6-6,78,205,4.0,91.63855421686746,166.0,27.0,9.0,GA,Tennessee
Phoenix Woodson,2026,PF,2026,PF,6-7,79,205,3.0,86.5,286.0,46.0,17.0,TX,New Mexico State
Donovan Criss,2026,SF,2026,SF,6-5,77,175,4.0,90.20348058902276,214.0,62.0,13.0,TX,UTEP
Mason Fuentes,2026,PG,2026,PG,6-2,74,160,4.0,91.91967871485943,164.0,17.0,29.0,FL,Stetson
Antonio Brown Jr,2026,SF,2026,SF,6-4,76,185,,,,,,FL,
Kamden McGilveary,2026,CG,2026,CG,6-0,72,165,3.0,86.0,292.0,32.0,19.0,TX,Ball State
Tre Clark,2026,SF,2026,SF,6-7,79,185,,,,,,TX,UT-Arlington
Tyrease Hunter,2026,PG,2026,PG,6-2,74,170,,,,,,NJ,McNeese
Bradley Floyd,2026,SG,2026,SG,6-5,77,185,4.0,90.24497991967871,211.0,31.0,10.0,NC,Austin Peay
Marcus Gillespie,2026,SG,2026,SG,6-4,76,180,4.0,92.40963855421687,158.0,22.0,7.0,GA,Omaha
Phenix Card,2026,PG,2026,PG,5-11,71,160,3.0,81.0,355.0,62.0,14.0,VA,
Amare James,2026,SG,2026,SG,6-6,78,190,3.0,89.0,262.0,46.0,16.0,GA,Clemson
Milak Myatt,2026,CG,2026,CG,6-3,75,170,3.0,82.0,337.0,39.0,7.0,NJ,
Josh Goodwin,2026,SG,2026,SG,6-5,77,175,3.0,82.0,337.0,60.0,30.0,TX,Northeastern
Jaxon Clark,2026,C,2026,C,6-10,82,-,,,,,,IA,Colorado State
Malakhi Phillips,2026,CG,2026,CG,6-3,75,175,,,,,,NC,
Coleman Elkins,2026,C,2026,C,6-10,82,240,,,,,,NJ,Texas
Luigi Suigo,2026,C,2026,C,7-3,87,240,,,,,,ITAL,
Tobiaz Tolbert,2026,PF,2026,PF,6-7,79,195,,,,,,GA,Kennesaw State
Marcus Zelee,2026,PG,2026,PG,6-2,74,185,3.0,80.0,365.0,65.0,36.0,TX,
Isaiah Carroll,2026,SF,2026,SF,6-6,78,190,3.0,85.0,304.0,76.0,6.0,NJ,Pennsylvania
Eric Fiedler,2026,PF,2026,PF,6-6,78,200,3.0,87.0,278.0,43.0,2.0,CO,Colorado State
BJ Ranson,2026,PG,2026,PG,6-3,75,-,3.0,88.6425702811245,267.0,38.0,9.0,MD,Saint Joseph's
Chris Pohl,2026,PF,2026,PF,6-7,79,215,3.0,82.0,337.0,55.0,4.0,WI,Wyoming
Mason Williams,2026,PG,2026,PG,6-2,74,185,4.0,93.882258129508,140.0,13.0,3.0,TN,Kentucky
Drake Sandi,2026,PG,2026,PG,5-11,71,170,,,,,,FL,American
Devan Christion,2026,PF,2026,PF,6-9,81,-,,,,,,NV,Akron
Klark-Luca Riethauser,2026,SF,2026,SF,6-8,80,200,,,,,,SWIT,
Mykel Bruce-McCrommon,2026,SF,2026,SF,6-7,79,175,,,,,,PA,Kansas City
Lincoln Goodwin,2026,SF,2026,SF,6-5,77,180,,,,,,MO,Kansas City
JD Jones,2026,SG,2026,SG,6-5,77,205,,,,,,AZ,Florida State
Atticus Richmond,2026,SF,2026,SF,6-8,80,230,,,,,,MA,Kansas
Babacar Sane,2026,SF,2026,SF,6-8,80,-,,,,,,SENE,St. John's
Kevin Roberts,2026,PG,2026,PG,6-3,75,190,,,,,,MS,
Breylon Webb,2026,SF,2026,SF,6-6,78,185,3.0,84.0,321.0,80.0,10.0,OH,La Salle
Elijah Williams,2026,SF,2026,SF,6-6,78,200,5.0,98.71987392155019,35.0,12.0,4.0,TX,Baylor
Julius Price,2026,SG,2026,SG,6-2,74,190,4.0,91.65194109772422,165.0,23.0,17.0,CA,Stanford
Tristan Reed,2026,C,2026,C,6-9,81,230,5.0,97.73636351425769,65.0,10.0,6.0,MO,Mississippi State
Jalen Grant,2026,PG,2026,PG,6-0,72,160,,,,,,NJ,
Katrelle Harmon,2026,CG,2026,CG,6-3,75,188,5.0,97.33730910263125,78.0,7.0,3.0,UT,Creighton
Gabriel Sularski,2026,SF,2026,SF,6-5,77,180,3.0,89.0,262.0,70.0,9.0,UT,
Devin Hutcherson,2026,SG,2026,SG,6-4,76,180,4.0,89.80321285140562,236.0,37.0,14.0,GA,Kansas State
Tyseandre Edwards,2026,SF,2026,SF,6-5,77,170,,,,,,MO,
Traymaine Belanger,2026,SF,2026,SF,6-7,79,190,3.0,85.5,301.0,75.0,40.0,FL,Austin Peay
Alex Smith,2026,PF,2026,PF,6-9,81,195,4.0,91.06291834002677,184.0,29.0,31.0,FL,Ohio State
Josh Irving,2026,C,2026,C,6-10,82,200,5.0,97.58476492368582,68.0,12.0,6.0,CA,Texas A&M
Deuce Burkes,2026,PG,2026,PG,6-3,75,175,,,,,,WI,
Jermal Jones,2026,SG,2026,SG,6-3,75,180,4.0,91.57028112449798,168.0,25.0,30.0,FL,Pittsburgh
Tucker Wadsworth,2026,SG,2026,SG,6-5,77,190,,,,,,AL,Troy
Mani Sajid,2026,SG,2026,SG,6-4,76,160,4.0,89.65461847389558,245.0,42.0,5.0,PA,Towson
Angelo Dickerson,2026,CG,2026,CG,6-4,76,176,,,,,,MD,
Mo Ndao,2026,SF,2026,SF,6-5,77,185,,,,,,TX,
Maxime Meyer,2026,C,2026,C,7-1,85,215,4.0,94.51942888611302,116.0,18.0,21.0,FL,Duke
Xavier McKinney,2026,SG,2026,SG,6-3,75,170,,,,,,OH,Ohio
Kade Speckman,2026,PF,2026,PF,6-8,80,210,3.0,82.0,337.0,55.0,7.0,OK,Indiana State
Aeneas Alexander,2026,PF,2026,PF,6-7,79,195,3.0,86.0,292.0,49.0,19.0,TX,North Texas
Dikembe Shaw,2026,PF,2026,PF,6-7,79,210,3.0,89.0,262.0,42.0,9.0,IN,Illinois-Chicago
Daniel Johnson,2026,CG,2026,CG,6-3,75,170,3.0,82.0,337.0,39.0,6.0,WA,
Carlos Medlock Jr.,2026,PG,2026,PG,5-11,71,165,5.0,98.23369285391284,50.0,5.0,4.0,MO,Michigan State
Aron Jelani Towa,2026,CG,2026,CG,6-4,76,-,,,,,,FINL,
Ty Laur,2026,C,2026,C,6-8,80,225,3.0,84.0,321.0,44.0,9.0,IL,Southern Illinois
Mading Kuany,2026,SF,2026,SF,6-8,80,190,3.0,88.0,272.0,72.0,6.0,IA,Georgia
Rho Omed,2026,PF,2026,PF,6-10,82,200,,,,,,OH,Arkansas State
Frank Siaca Bey,2026,PF,2026,PF,6-9,81,215,,,,,,VA,Fordham
Ryan Brzezanski,2026,SF,2026,SF,6-8,80,180,,,,,,VA,
Derrick Hudson,2026,SF,2026,SF,6-7,79,195,,,,,,AR,
Malloy Smith,2026,CG,2026,CG,6-5,77,190,,,,,,CA,North Carolina
Gedeon Basson,2026,CG,2026,CG,6-1,73,200,,,,,,FL,Xavier
Imoh Erims,2026,C,2026,C,6-9,81,210,,,,,,TX,Grambling State
Isaac Riddle,2026,SF,2026,SF,6-8,80,200,,,,,,AUST,Wisconsin
Elisee Assui,2026,SG,2026,SG,6-5,77,219,,,,,,ITAL,Florida State
Lenni Kunzewitsch,2026,SF,2026,SF,6-9,81,205,,,,,,GERM,South Alabama
Filip Malesevic,2026,C,2026,C,7-1,85,-,,,,,,SERB,Arizona State
Saliou Niang,2026,SF,2026,SF,6-6,78,-,,,,,,ITAL,LSU
Chase Hill,2026,PF,2026,PF,6-7,79,-,,,,,,TX,Colorado
