"TeamId","Team","Conference","IdHash","Athletes[0] Id","Athletes[0] Name","Athletes[1] Id","Athletes[1] Name","Athletes[2] Id","Athletes[2] Name","Athletes[3] Id","Athletes[3] Name","Athletes[4] Id","Athletes[4] Name","TotalSeconds","Pace","OffenseRating","DefenseRating","NetRating","TeamStats Points","TeamStats Possessions","TeamStats Assists","TeamStats Steals","TeamStats Turnovers","TeamStats Blocks","TeamStats DefensiveRebounds","TeamStats OffensiveRebounds","TeamStats TrueShooting","TeamStats FieldGoals Made","TeamStats FieldGoals Attempted","TeamStats FieldGoals Pct","TeamStats FreeThrows Made","TeamStats FreeThrows Attempted","TeamStats FreeThrows Pct","TeamStats TwoPointers Made","TeamStats TwoPointers Attempted","TeamStats TwoPointers Pct","TeamStats TwoPointers TipIns Made","TeamStats TwoPointers TipIns Attempted","TeamStats TwoPointers TipIns Pct","TeamStats TwoPointers Dunks Made","TeamStats TwoPointers Dunks Attempted","TeamStats TwoPointers Dunks Pct","TeamStats TwoPointers Layups Made","TeamStats TwoPointers Layups Attempted","TeamStats TwoPointers Layups Pct","TeamStats TwoPointers Jumpers Made","TeamStats TwoPointers Jumpers Attempted","TeamStats TwoPointers Jumpers Pct","TeamStats ThreePointers Made","TeamStats ThreePointers Attempted","TeamStats ThreePointers Pct","TeamStats FourFactors EffectiveFieldGoalPct","TeamStats FourFactors TurnoverRatio","TeamStats FourFactors OffensiveReboundPct","TeamStats FourFactors FreeThrowRate","OpponentStats Points","OpponentStats Possessions","OpponentStats Assists","OpponentStats Steals","OpponentStats Turnovers","OpponentStats Blocks","OpponentStats DefensiveRebounds","OpponentStats OffensiveRebounds","OpponentStats TrueShooting","OpponentStats FieldGoals Made","OpponentStats FieldGoals Attempted","OpponentStats FieldGoals Pct","OpponentStats FreeThrows Made","OpponentStats FreeThrows Attempted","OpponentStats FreeThrows Pct","OpponentStats TwoPointers Made","OpponentStats TwoPointers Attempted","OpponentStats TwoPointers Pct","OpponentStats TwoPointers TipIns Made","OpponentStats TwoPointers TipIns Attempted","OpponentStats TwoPointers TipIns Pct","OpponentStats TwoPointers Dunks Made","OpponentStats TwoPointers Dunks Attempted","OpponentStats TwoPointers Dunks Pct","OpponentStats TwoPointers Layups Made","OpponentStats TwoPointers Layups Attempted","OpponentStats TwoPointers Layups Pct","OpponentStats TwoPointers Jumpers Made","OpponentStats TwoPointers Jumpers Attempted","OpponentStats TwoPointers Jumpers Pct","OpponentStats ThreePointers Made","OpponentStats ThreePointers Attempted","OpponentStats ThreePointers Pct","OpponentStats FourFactors EffectiveFieldGoalPct","OpponentStats FourFactors TurnoverRatio","OpponentStats FourFactors OffensiveReboundPct","OpponentStats FourFactors FreeThrowRate"
"16","Auburn","SEC","9-334-4154-7583-198110","9","Tahaad Pettiford","334","Keyshawn Hall","4154","KeShawn Murphy","7583","Kevin Overton","198110","Sebastian Williams-Adams","12332","59.2","145.5","129.8","15.6","416","286","68","35","39","20","111","64","55.8","136","311","43.7","105","140","75","97","193","50.3","12","18","66.7","12","14","85.7","44","96","45.8","29","65","44.6","39","118","33.1","50","0.14","57.7","45","418","322","76","27","55","32","125","46","62.2","142","287","49.5","83","111","74.8","91","162","56.2","7","12","58.3","11","12","91.7","43","70","61.4","30","68","44.1","51","125","40.8","58.4","0.17","36.2","38.7"
"16","Auburn","SEC","9-334-4154-7583-198094","9","Tahaad Pettiford","334","Keyshawn Hall","4154","KeShawn Murphy","7583","Kevin Overton","198094","Elyjah Freeman","10281","62.9","145.3","127","18.3","375","258","54","31","44","22","89","59","57.6","125","275","45.5","94","115","81.7","94","178","52.8","10","17","58.8","15","15","100","42","79","53.2","27","67","40.3","31","97","32","51.1","0.17","48","41.8","357","281","62","27","50","14","102","51","60.1","129","252","51.2","73","102","71.6","103","181","56.9","13","18","72.2","15","16","93.8","52","95","54.7","23","52","44.2","26","71","36.6","56.3","0.18","42.9","40.5"
"16","Auburn","SEC","9-334-7583-198094-198098","9","Tahaad Pettiford","334","Keyshawn Hall","7583","Kevin Overton","198094","Elyjah Freeman","198098","Filip Jović","9805","62.4","140.8","122.9","17.9","373","265","57","27","41","15","100","43","63.5","124","249","49.8","82","102","80.4","81","132","61.4","9","11","81.8","17","17","100","38","72","52.8","17","32","53.1","43","117","36.8","58.4","0.15","38.7","41","301","245","59","23","44","17","91","31","57.7","110","234","47","42","61","68.9","71","133","53.4","0","3","0","11","13","84.6","41","70","58.6","19","47","40.4","39","101","38.6","55.3","0.18","32.6","26.1"
"16","Auburn","SEC","9-4154-7583-198094-198110","9","Tahaad Pettiford","4154","KeShawn Murphy","7583","Kevin Overton","198094","Elyjah Freeman","198110","Sebastian Williams-Adams","6434","58.9","130.6","129.6","1","205","157","27","18","25","12","61","37","51.8","71","168","42.3","49","68","72.1","57","106","53.8","4","6","66.7","8","9","88.9","32","61","52.5","13","30","43.3","14","62","22.6","46.4","0.16","60.7","40.5","206","159","40","14","25","19","60","30","56.3","74","160","46.3","37","52","71.2","53","100","53","2","3","66.7","12","14","85.7","30","51","58.8","9","32","28.1","21","60","35","52.8","0.16","48.4","32.5"
"16","Auburn","SEC","9-334-7583-198098-198110","9","Tahaad Pettiford","334","Keyshawn Hall","7583","Kevin Overton","198098","Filip Jović","198110","Sebastian Williams-Adams","6429","62","124.3","125.2","-0.9","220","177","30","16","27","7","70","37","57","80","168","47.6","34","57","59.6","54","102","52.9","5","7","71.4","7","7","100","29","59","49.2","13","29","44.8","26","66","39.4","55.4","0.15","35.9","33.9","194","155","35","14","28","8","62","29","53.4","65","156","41.7","44","58","75.9","45","90","50","2","3","66.7","6","8","75","26","45","57.8","11","34","32.4","20","66","30.3","48.1","0.18","46","37.2"
"16","Auburn","SEC","9-334-4154-198094-198110","9","Tahaad Pettiford","334","Keyshawn Hall","4154","KeShawn Murphy","198094","Elyjah Freeman","198110","Sebastian Williams-Adams","4782","57.2","121.4","129.4","-8","153","126","20","16","24","6","53","29","52.9","49","120","40.8","43","56","76.8","37","84","44","6","9","66.7","5","5","100","22","43","51.2","4","27","14.8","12","36","33.3","45.8","0.19","47.5","46.7","132","102","18","20","21","12","40","20","53","41","107","38.3","34","40","85","25","64","39.1","2","4","50","2","2","100","13","33","39.4","8","25","32","16","43","37.2","45.8","0.21","33.3","37.4"
"16","Auburn","SEC","9-334-7583-198094-198110","9","Tahaad Pettiford","334","Keyshawn Hall","7583","Kevin Overton","198094","Elyjah Freeman","198110","Sebastian Williams-Adams","4505","59.4","129.5","132.7","-3.2","158","122","22","15","23","9","48","22","62.5","51","104","49","45","51","88.2","40","71","56.3","6","9","66.7","8","8","100","17","35","48.6","9","19","47.4","11","33","33.3","54.3","0.19","40.7","49","134","101","20","12","25","4","34","26","49.7","42","114","36.8","36","47","76.6","28","60","46.7","2","4","50","2","2","100","14","28","50","10","26","38.5","14","54","25.9","43","0.25","44.8","41.2"
"16","Auburn","SEC","9-7583-198094-198098-198110","9","Tahaad Pettiford","7583","Kevin Overton","198094","Elyjah Freeman","198098","Filip Jović","198110","Sebastian Williams-Adams","4138","60.3","125.8","133.3","-7.6","122","97","13","17","19","8","40","19","53.2","38","91","41.8","36","54","66.7","28","60","46.7","3","6","50","8","8","100","14","31","45.2","3","15","20","10","31","32.3","47.3","0.2","32.2","59.3","148","111","20","15","22","6","42","19","57.6","47","107","43.9","40","49","81.6","33","64","51.6","4","5","80","2","4","50","16","32","50","11","23","47.8","14","43","32.6","50.5","0.2","32.2","45.8"
"16","Auburn","SEC","9-334-198094-198098-198110","9","Tahaad Pettiford","334","Keyshawn Hall","198094","Elyjah Freeman","198098","Filip Jović","198110","Sebastian Williams-Adams","3786","57.7","140.2","157.5","-17.3","143","102","25","11","16","3","38","23","64.3","48","90","53.3","32","48","66.7","33","54","61.1","7","9","77.8","9","9","100","15","30","50","2","6","33.3","15","36","41.7","61.7","0.16","41.8","53.3","126","80","24","11","13","5","27","18","58","40","95","42.1","27","31","87.1","21","45","46.7","3","4","75","3","3","100","12","20","60","3","18","16.7","19","50","38","52.1","0.16","66.7","32.6"
"16","Auburn","SEC","334-7583-198094-198099-198110","334","Keyshawn Hall","7583","Kevin Overton","198094","Elyjah Freeman","198099","Kaden Magwood","198110","Sebastian Williams-Adams","1742","60.6","122.9","130","-7.1","59","48","11","3","7","4","18","9","59.6","23","46","50","4","8","50","14","23","60.9","0","1","0","2","2","100","7","12","58.3","5","8","62.5","9","23","39.1","59.8","0.15","33.3","17.4","52","40","11","5","4","3","16","6","54.2","20","44","45.5","6","9","66.7","14","28","50","1","1","100","1","1","100","9","20","45","3","6","50","6","16","37.5","52.3","0.1","27.3","20.5"
"16","Auburn","SEC","15-334-7583-198094-198098","15","Blake Muschalek","334","Keyshawn Hall","7583","Kevin Overton","198094","Elyjah Freeman","198098","Filip Jović","1441","50.8","153.8","120","33.8","40","26","9","6","4","2","11","5","57.6","11","29","37.9","9","13","69.2","2","8","25","0","0","0","0","0","0","1","2","50","1","6","16.7","9","21","42.9","53.4","0.15","33.3","44.8","42","35","7","3","8","1","13","9","52.9","14","34","41.2","12","13","92.3","12","28","42.9","0","1","0","3","3","100","6","12","50","3","12","25","2","6","33.3","44.1","0.23","69.2","38.2"
"16","Auburn","SEC","334-4154-7583-198094-198110","334","Keyshawn Hall","4154","KeShawn Murphy","7583","Kevin Overton","198094","Elyjah Freeman","198110","Sebastian Williams-Adams","1381","61.7","148.8","176.7","-27.9","61","41","4","4","4","3","18","9","71.5","19","33","57.6","19","22","86.4","15","25","60","2","3","66.7","2","2","100","10","17","58.8","1","3","33.3","4","8","50","63.6","0.1","33.3","66.7","53","30","5","2","6","5","10","10","51.4","14","41","34.1","19","24","79.2","8","19","42.1","2","2","100","1","1","100","3","7","42.9","2","9","22.2","6","22","27.3","41.5","0.2","100","58.5"
"16","Auburn","SEC","334-7583-198098-198099-198110","334","Keyshawn Hall","7583","Kevin Overton","198098","Filip Jović","198099","Kaden Magwood","198110","Sebastian Williams-Adams","1363","66","138.7","118.2","20.5","43","31","7","4","4","1","12","3","55.2","15","35","42.9","7","9","77.8","9","16","56.3","0","1","0","1","1","100","7","8","87.5","1","6","16.7","6","19","31.6","51.4","0.13","20","25.7","52","44","8","3","7","0","16","5","66.1","21","38","55.3","1","3","33.3","12","21","57.1","0","2","0","1","1","100","7","13","53.8","4","5","80","9","17","52.9","67.1","0.16","23.8","7.9"
"16","Auburn","SEC","9-334-4154-198094-198098","9","Tahaad Pettiford","334","Keyshawn Hall","4154","KeShawn Murphy","198094","Elyjah Freeman","198098","Filip Jović","1234","62.2","131.3","93.8","37.5","42","32","3","7","3","3","14","10","52","15","36","41.7","7","10","70","10","24","41.7","1","2","50","1","1","100","4","12","33.3","4","9","44.4","5","12","41.7","48.6","0.09","71.4","27.8","30","32","9","2","7","5","13","3","49.5","12","29","41.4","2","3","66.7","8","18","44.4","0","0","0","2","2","100","2","8","25","4","8","50","4","11","36.4","48.3","0.22","20","10.3"
"16","Auburn","SEC","15-334-7583-198098-198110","15","Blake Muschalek","334","Keyshawn Hall","7583","Kevin Overton","198098","Filip Jović","198110","Sebastian Williams-Adams","1177","57.1","145.5","102.9","42.5","32","22","3","7","3","1","10","7","48.4","9","26","34.6","11","16","68.8","6","18","33.3","2","3","66.7","0","0","0","3","10","30","1","5","20","3","8","37.5","40.4","0.14","46.7","61.5","35","34","7","2","8","0","12","2","62.6","14","24","58.3","3","9","33.3","10","17","58.8","0","0","0","1","1","100","4","6","66.7","5","10","50","4","7","57.1","66.7","0.24","14.3","37.5"
"16","Auburn","SEC","334-4154-7583-198099-198110","334","Keyshawn Hall","4154","KeShawn Murphy","7583","Kevin Overton","198099","Kaden Magwood","198110","Sebastian Williams-Adams","1166","65.9","110.3","111.4","-1.1","32","29","8","2","11","2","9","9","48.3","9","27","33.3","12","14","85.7","7","19","36.8","1","2","50","1","1","100","3","8","37.5","2","8","25","2","8","25","37","0.38","100","51.9","39","35","5","5","6","2","11","0","71.1","18","27","66.7","1","1","100","16","23","69.6","0","0","0","2","2","100","11","16","68.8","3","5","60","2","4","50","70.4","0.17","0","3.7"
"16","Auburn","SEC","334-7583-198094-198098-198110","334","Keyshawn Hall","7583","Kevin Overton","198094","Elyjah Freeman","198098","Filip Jović","198110","Sebastian Williams-Adams","1143","58.8","172.4","174.1","-1.7","50","29","7","4","4","4","10","5","77.3","15","24","62.5","14","19","73.7","9","13","69.2","0","1","0","2","2","100","6","7","85.7","1","3","33.3","6","11","54.5","75","0.14","33.3","79.2","47","27","7","2","5","0","7","4","68.8","15","28","53.6","11","14","78.6","9","18","50","2","2","100","2","2","100","4","7","57.1","1","7","14.3","6","10","60","64.3","0.19","57.1","50"
"16","Auburn","SEC","334-7583-198094-198098-198099","334","Keyshawn Hall","7583","Kevin Overton","198094","Elyjah Freeman","198098","Filip Jović","198099","Kaden Magwood","913","84.1","121.1","126.9","-5.9","46","38","9","3","8","1","16","2","73.5","14","26","53.8","11","12","91.7","7","11","63.6","0","0","0","0","0","0","4","8","50","3","3","100","7","15","46.7","67.3","0.21","11.1","46.2","33","26","9","5","4","1","9","2","52.7","13","30","43.3","2","3","66.7","8","20","40","0","0","0","1","1","100","5","11","45.5","2","8","25","5","10","50","51.7","0.15","18.2","10"
"16","Auburn","SEC","15-334-4154-7583-198110","15","Blake Muschalek","334","Keyshawn Hall","4154","KeShawn Murphy","7583","Kevin Overton","198110","Sebastian Williams-Adams","896","52.2","100","121.7","-21.7","16","16","1","3","5","2","7","3","43.8","4","13","30.8","7","12","58.3","3","7","42.9","0","0","0","2","2","100","0","2","0","1","3","33.3","1","6","16.7","34.6","0.31","42.9","92.3","28","23","7","3","4","2","9","3","60.7","10","20","50","4","7","57.1","6","10","60","0","0","0","1","1","100","4","6","66.7","1","3","33.3","4","10","40","60","0.17","27.3","35"
"16","Auburn","SEC","9-4154-7583-198094-198098","9","Tahaad Pettiford","4154","KeShawn Murphy","7583","Kevin Overton","198094","Elyjah Freeman","198098","Filip Jović","708","61","118.8","110","8.8","19","16","3","2","3","2","5","5","46.8","8","19","42.1","2","3","66.7","7","14","50","0","1","0","1","1","100","4","6","66.7","2","6","33.3","1","5","20","44.7","0.19","100","15.8","22","20","4","3","4","2","7","3","57.3","9","17","52.9","2","5","40","7","10","70","0","1","0","2","2","100","4","6","66.7","1","1","100","2","7","28.6","58.8","0.2","42.9","29.4"
"16","Auburn","SEC","334-4154-198094-198099-198110","334","Keyshawn Hall","4154","KeShawn Murphy","198094","Elyjah Freeman","198099","Kaden Magwood","198110","Sebastian Williams-Adams","655","53.1","140","171.4","-31.4","21","15","3","2","4","0","5","5","58.9","6","13","46.2","7","11","63.6","4","7","57.1","0","0","0","0","0","0","4","6","66.7","0","1","0","2","6","33.3","53.8","0.27","100","84.6","24","14","4","3","3","2","4","1","71.3","7","12","58.3","9","11","81.8","6","6","100","0","0","0","3","3","100","0","0","0","3","3","100","1","6","16.7","62.5","0.21","20","91.7"
"16","Auburn","SEC","7583-198094-198098-198099-198110","7583","Kevin Overton","198094","Elyjah Freeman","198098","Filip Jović","198099","Kaden Magwood","198110","Sebastian Williams-Adams","655","62.3","145","121.4","23.6","29","20","2","4","3","3","6","3","72.2","11","17","64.7","5","7","71.4","9","13","69.2","0","0","0","0","0","0","8","11","72.7","1","2","50","2","4","50","70.6","0.15","42.9","41.2","17","14","2","0","4","1","5","3","48.5","5","14","35.7","7","8","87.5","5","13","38.5","0","0","0","0","0","0","2","8","25","3","5","60","0","1","0","35.7","0.29","42.9","57.1"
"16","Auburn","SEC","9-334-198094-198108-198110","9","Tahaad Pettiford","334","Keyshawn Hall","198094","Elyjah Freeman","198108","Simon Walker","198110","Sebastian Williams-Adams","627","63.2","111.8","168.8","-57","19","17","4","1","6","1","6","7","52.5","5","15","33.3","6","7","85.7","2","3","66.7","0","0","0","0","0","0","0","1","0","2","2","100","3","12","25","43.3","0.35","100","46.7","27","16","7","6","1","1","4","5","61.7","11","21","52.4","1","2","50","7","11","63.6","0","0","0","0","0","0","5","6","83.3","2","5","40","4","10","40","61.9","0.06","100","9.5"
"16","Auburn","SEC","9-7583-198094-198102-198110","9","Tahaad Pettiford","7583","Kevin Overton","198094","Elyjah Freeman","198102","Emeka Opurum","198110","Sebastian Williams-Adams","599","70.1","100","73.7","26.3","16","16","5","6","4","2","5","6","40.2","7","19","36.8","2","2","100","7","14","50","0","1","0","4","4","100","2","5","40","1","4","25","0","5","0","36.8","0.25","85.7","10.5","14","19","3","3","8","2","6","3","48.9","5","13","38.5","2","3","66.7","3","6","50","0","1","0","1","1","100","2","2","100","0","2","0","2","7","28.6","46.2","0.42","42.9","23.1"
"16","Auburn","SEC","9-334-7583-198094-198102","9","Tahaad Pettiford","334","Keyshawn Hall","7583","Kevin Overton","198094","Elyjah Freeman","198102","Emeka Opurum","520","66.9","125","92.3","32.7","20","16","4","1","2","1","6","4","55.9","8","17","47.1","2","2","100","6","10","60","0","0","0","1","1","100","2","4","50","3","5","60","2","7","28.6","52.9","0.13","66.7","11.8","12","13","2","1","4","1","5","6","35.8","4","15","26.7","3","4","75","3","8","37.5","1","2","50","1","1","100","1","4","25","0","1","0","1","7","14.3","30","0.31","85.7","26.7"
"16","Auburn","SEC","15-334-4154-198094-198110","15","Blake Muschalek","334","Keyshawn Hall","4154","KeShawn Murphy","198094","Elyjah Freeman","198110","Sebastian Williams-Adams","462","46.8","120","212.5","-92.5","12","10","1","1","2","3","4","2","72.1","4","7","57.1","2","3","66.7","2","4","50","0","1","0","0","0","0","2","2","100","0","1","0","2","3","66.7","71.4","0.2","33.3","42.9","17","8","2","2","1","0","1","3","66","6","12","50","1","2","50","2","7","28.6","1","1","100","0","0","0","1","5","20","0","1","0","4","5","80","66.7","0.13","100","16.7"
"16","Auburn","SEC","9-4154-7583-198098-198110","9","Tahaad Pettiford","4154","KeShawn Murphy","7583","Kevin Overton","198098","Filip Jović","198110","Sebastian Williams-Adams","451","47.9","237.5","150","87.5","19","8","2","1","0","2","3","2","68.1","5","10","50","8","9","88.9","4","7","57.1","1","1","100","0","1","0","3","4","75","0","1","0","1","3","33.3","55","0","66.7","90","15","10","4","0","1","2","3","2","63.1","6","11","54.5","1","2","50","4","7","57.1","0","0","0","0","0","0","4","6","66.7","0","1","0","2","4","50","63.6","0.1","66.7","18.2"
"16","Auburn","SEC","4154-7583-198094-198099-198110","4154","KeShawn Murphy","7583","Kevin Overton","198094","Elyjah Freeman","198099","Kaden Magwood","198110","Sebastian Williams-Adams","441","54.4","116.7","137.5","-20.8","14","12","3","0","2","2","6","0","79.9","4","7","57.1","4","4","100","2","3","66.7","0","0","0","0","0","0","2","2","100","0","1","0","2","4","50","71.4","0.17","0","57.1","11","8","2","2","0","0","3","2","42.3","5","13","38.5","0","0","0","4","8","50","0","1","0","0","0","0","3","6","50","1","1","100","1","5","20","42.3","0","66.7","0"
"16","Auburn","SEC","9-15-334-198094-198110","9","Tahaad Pettiford","15","Blake Muschalek","334","Keyshawn Hall","198094","Elyjah Freeman","198110","Sebastian Williams-Adams","422","62.6","154.5","100","54.5","17","11","3","3","1","1","3","2","71.5","7","11","63.6","1","2","50","5","7","71.4","0","1","0","0","0","0","4","4","100","1","2","50","2","4","50","72.7","0.09","66.7","18.2","11","11","1","1","4","0","2","1","61.1","5","9","55.6","0","0","0","4","8","50","1","1","100","0","0","0","2","4","50","1","3","33.3","1","1","100","61.1","0.36","33.3","0"
"16","Auburn","SEC","9-15-334-4154-198110","9","Tahaad Pettiford","15","Blake Muschalek","334","Keyshawn Hall","4154","KeShawn Murphy","198110","Sebastian Williams-Adams","415","52","155.6","133.3","22.2","14","9","0","1","1","1","4","2","65.8","4","8","50","4","6","66.7","2","4","50","0","1","0","0","0","0","2","2","100","0","1","0","2","4","50","62.5","0.11","33.3","75","12","9","1","1","1","0","3","3","50.5","5","11","45.5","1","2","50","4","9","44.4","2","2","100","0","0","0","2","4","50","0","3","0","1","2","50","50","0.11","100","18.2"
"16","Auburn","SEC","9-15-198094-198098-198110","9","Tahaad Pettiford","15","Blake Muschalek","198094","Elyjah Freeman","198098","Filip Jović","198110","Sebastian Williams-Adams","381","66.1","200","81.3","118.8","10","5","1","3","2","0","1","0","55.1","2","6","33.3","6","7","85.7","2","4","50","0","0","0","1","2","50","1","2","50","0","0","0","0","2","0","33.3","0.4","0","116.7","13","16","2","2","7","1","4","2","73.2","5","8","62.5","2","2","100","4","7","57.1","0","0","0","1","1","100","2","4","50","1","2","50","1","1","100","68.8","0.44","33.3","25"
"16","Auburn","SEC","9-15-334-198094-198098","9","Tahaad Pettiford","15","Blake Muschalek","334","Keyshawn Hall","198094","Elyjah Freeman","198098","Filip Jović","375","57.6","200","150","50","20","10","3","2","1","2","2","1","85","7","10","70","4","4","100","5","5","100","1","1","100","1","1","100","2","2","100","1","1","100","2","5","40","80","0.1","33.3","40","12","8","1","1","2","1","2","2","55.8","4","9","44.4","3","4","75","3","7","42.9","1","2","50","0","0","0","2","5","40","0","0","0","1","2","50","50","0.25","100","44.4"
"16","Auburn","SEC","9-334-198094-198099-198110","9","Tahaad Pettiford","334","Keyshawn Hall","198094","Elyjah Freeman","198099","Kaden Magwood","198110","Sebastian Williams-Adams","368","62","154.5","150","4.5","17","11","5","2","1","0","4","2","69.7","6","10","60","4","5","80","5","6","83.3","1","1","100","3","3","100","1","2","50","0","0","0","1","4","25","65","0.09","33.3","50","12","8","2","1","2","0","2","0","64.4","4","8","50","2","3","66.7","2","4","50","0","0","0","0","0","0","2","3","66.7","0","1","0","2","4","50","62.5","0.25","0","37.5"
"16","Auburn","SEC","334-198094-198098-198099-198110","334","Keyshawn Hall","198094","Elyjah Freeman","198098","Filip Jović","198099","Kaden Magwood","198110","Sebastian Williams-Adams","365","59.2","216.7","66.7","150","13","6","1","3","1","1","4","6","45.5","1","9","11.1","10","12","83.3","0","1","0","0","0","0","0","0","0","0","1","0","0","0","0","1","8","12.5","16.7","0.17","100","133.3","8","12","0","1","5","1","4","3","42.9","3","8","37.5","2","3","66.7","3","6","50","1","1","100","0","0","0","0","1","0","2","4","50","0","2","0","37.5","0.42","42.9","37.5"
"16","Auburn","SEC","334-4154-7583-198098-198099","334","Keyshawn Hall","4154","KeShawn Murphy","7583","Kevin Overton","198098","Filip Jović","198099","Kaden Magwood","360","60","114.3","172.7","-58.4","8","7","0","1","2","0","2","2","45","3","8","37.5","1","2","50","2","5","40","0","0","0","0","0","0","0","0","0","2","5","40","1","3","33.3","43.8","0.29","100","25","19","11","2","1","1","0","3","1","87.3","7","10","70","2","2","100","4","6","66.7","0","0","0","0","0","0","2","3","66.7","2","3","66.7","3","4","75","85","0.09","33.3","20"
"16","Auburn","SEC","9-15-334-4154-198094","9","Tahaad Pettiford","15","Blake Muschalek","334","Keyshawn Hall","4154","KeShawn Murphy","198094","Elyjah Freeman","350","51.4","112.5","128.6","-16.1","9","8","0","1","2","1","3","4","41.4","3","10","30","1","2","50","1","5","20","0","1","0","0","0","0","1","3","33.3","0","1","0","2","5","40","40","0.25","57.1","20","9","7","0","1","1","1","3","1","65.4","3","6","50","2","2","100","2","5","40","1","1","100","0","0","0","1","3","33.3","0","1","0","1","1","100","58.3","0.14","33.3","33.3"
"16","Auburn","SEC","9-15-4154-198094-198110","9","Tahaad Pettiford","15","Blake Muschalek","4154","KeShawn Murphy","198094","Elyjah Freeman","198110","Sebastian Williams-Adams","338","67.5","100","120","-20","9","9","0","1","2","1","4","2","50.7","3","8","37.5","1","2","50","1","3","33.3","0","1","0","0","0","0","1","1","100","0","1","0","2","5","40","50","0.22","33.3","25","12","10","2","2","2","0","3","1","66.7","5","9","55.6","0","0","0","3","6","50","1","1","100","0","0","0","2","4","50","0","1","0","2","3","66.7","66.7","0.2","33.3","0"
"16","Auburn","SEC","9-334-198098-198108-198110","9","Tahaad Pettiford","334","Keyshawn Hall","198098","Filip Jović","198108","Simon Walker","198110","Sebastian Williams-Adams","330","61.8","111.1","100","11.1","10","9","2","0","1","0","4","2","50.6","4","9","44.4","1","2","50","3","4","75","0","0","0","1","1","100","0","1","0","2","2","100","1","5","20","50","0.11","33.3","22.2","8","8","2","1","0","0","4","2","40","4","10","40","0","0","0","4","8","50","0","0","0","0","0","0","3","4","75","1","4","25","0","2","0","40","0","33.3","0"
"16","Auburn","SEC","9-198091-198094-198098-198110","9","Tahaad Pettiford","198091","Abdul Bashir","198094","Elyjah Freeman","198098","Filip Jović","198110","Sebastian Williams-Adams","323","63.2","100","111.1","-11.1","8","8","1","1","3","0","2","1","58.1","3","6","50","2","2","100","3","3","100","1","1","100","0","0","0","2","2","100","0","0","0","0","3","0","50","0.38","33.3","33.3","10","9","2","2","2","0","2","0","55.6","5","9","55.6","0","0","0","5","7","71.4","0","0","0","1","1","100","3","4","75","1","2","50","0","2","0","55.6","0.22","0","0"
"16","Auburn","SEC","9-334-4154-198099-198110","9","Tahaad Pettiford","334","Keyshawn Hall","4154","KeShawn Murphy","198099","Kaden Magwood","198110","Sebastian Williams-Adams","317","64.4","180","100","80","9","5","1","1","1","1","1","1","50.7","3","8","37.5","2","2","100","2","3","66.7","0","0","0","1","1","100","1","1","100","0","1","0","1","5","20","43.8","0.2","100","25","12","12","3","1","2","0","4","3","60","6","10","60","0","0","0","6","8","75","2","2","100","0","0","0","3","5","60","1","1","100","0","2","0","60","0.17","42.9","0"
"16","Auburn","SEC","15-334-4154-7583-198094","15","Blake Muschalek","334","Keyshawn Hall","4154","KeShawn Murphy","7583","Kevin Overton","198094","Elyjah Freeman","301","63.8","158.3","200","-41.7","19","12","2","3","2","1","3","1","97.3","7","8","87.5","4","4","100","6","6","100","0","0","0","0","0","0","5","5","100","1","1","100","1","2","50","93.8","0.17","33.3","50","8","4","1","1","3","1","0","2","46.9","1","5","20","5","8","62.5","0","2","0","0","0","0","0","0","0","0","1","0","0","1","0","1","3","33.3","30","0.75","100","160"
"16","Auburn","SEC","9-4154-7583-198108-198110","9","Tahaad Pettiford","4154","KeShawn Murphy","7583","Kevin Overton","198108","Simon Walker","198110","Sebastian Williams-Adams","297","52.5","187.5","160","27.5","15","8","0","0","0","0","3","3","69.7","5","9","55.6","4","4","100","4","7","57.1","2","2","100","0","0","0","0","2","0","2","3","66.7","1","2","50","61.1","0","100","44.4","8","5","2","0","1","0","1","0","57.1","3","7","42.9","0","0","0","1","1","100","0","0","0","0","0","0","1","1","100","0","0","0","2","6","33.3","57.1","0.2","0","0"
"16","Auburn","SEC","9-15-334-7583-198098","9","Tahaad Pettiford","15","Blake Muschalek","334","Keyshawn Hall","7583","Kevin Overton","198098","Filip Jović","295","61","250","157.1","92.9","20","8","2","2","0","1","1","0","107.3","7","8","87.5","3","3","100","4","4","100","0","0","0","1","1","100","1","1","100","2","2","100","3","4","75","106.3","0","0","37.5","11","7","2","0","2","0","1","3","55.7","4","9","44.4","2","2","100","3","6","50","0","1","0","0","0","0","2","3","66.7","1","2","50","1","3","33.3","50","0.29","100","22.2"
"16","Auburn","SEC","15-198098-198099-198108-198110","15","Blake Muschalek","198098","Filip Jović","198099","Kaden Magwood","198108","Simon Walker","198110","Sebastian Williams-Adams","275","52.4","110","200","-90","11","10","2","0","1","0","6","0","97.5","3","3","100","4","6","66.7","2","2","100","0","0","0","1","1","100","1","1","100","0","0","0","1","1","100","116.7","0.1","0","200","4","2","1","0","0","0","1","2","20.2","1","9","11.1","1","2","50","0","5","0","0","1","0","0","1","0","0","1","0","0","2","0","1","4","25","16.7","0","66.7","22.2"
"16","Auburn","SEC","9-334-4154-198108-198110","9","Tahaad Pettiford","334","Keyshawn Hall","4154","KeShawn Murphy","198108","Simon Walker","198110","Sebastian Williams-Adams","269","49.1","233.3","187.5","45.8","7","3","1","0","1","1","0","1","60.8","2","4","50","1","4","25","0","2","0","0","0","0","0","0","0","0","1","0","0","1","0","2","2","100","75","0.33","100","100","15","8","1","1","0","0","3","4","69.7","5","9","55.6","4","4","100","4","5","80","0","0","0","1","1","100","3","4","75","0","0","0","1","4","25","61.1","0","57.1","44.4"
"16","Auburn","SEC","9-15-334-7583-198110","9","Tahaad Pettiford","15","Blake Muschalek","334","Keyshawn Hall","7583","Kevin Overton","198110","Sebastian Williams-Adams","266","58.6","100","83.3","16.7","7","7","1","1","1","1","4","1","51.8","2","5","40","2","4","50","1","2","50","0","0","0","0","0","0","0","1","0","1","1","100","1","3","33.3","50","0.14","20","80","5","6","2","1","1","0","3","1","31.7","2","7","28.6","1","2","50","2","5","40","0","0","0","0","0","0","2","3","66.7","0","2","0","0","2","0","28.6","0.17","33.3","28.6"
"16","Auburn","SEC","15-4154-7583-198098-198110","15","Blake Muschalek","4154","KeShawn Murphy","7583","Kevin Overton","198098","Filip Jović","198110","Sebastian Williams-Adams","264","63.6","250","100","150","10","4","1","4","1","0","0","1","61","3","6","50","4","5","80","3","3","100","1","1","100","0","0","0","1","1","100","1","1","100","0","3","0","50","0.25","100","83.3","10","10","3","0","4","0","3","0","128.9","3","3","100","1","2","50","0","0","0","0","0","0","0","0","0","0","0","0","0","0","0","3","3","100","150","0.4","0","66.7"
"16","Auburn","SEC","15-198098-198099-198102-198108","15","Blake Muschalek","198098","Filip Jović","198099","Kaden Magwood","198102","Emeka Opurum","198108","Simon Walker","257","51.4","200","180","20","12","6","3","0","0","1","1","3","60","5","10","50","0","0","0","3","4","75","0","1","0","0","0","0","3","3","100","0","0","0","2","6","33.3","60","0","100","0","9","5","0","0","2","0","2","4","50.2","1","5","20","7","9","77.8","1","3","33.3","1","1","100","0","0","0","0","2","0","0","0","0","0","2","0","20","0.4","66.7","180"
"16","Auburn","SEC","15-4154-7583-198094-198110","15","Blake Muschalek","4154","KeShawn Murphy","7583","Kevin Overton","198094","Elyjah Freeman","198110","Sebastian Williams-Adams","247","38.9","400","200","200","8","2","1","0","0","0","0","1","64.5","2","4","50","3","5","60","1","3","33.3","0","0","0","0","0","0","1","2","50","0","1","0","1","1","100","62.5","0","100","125","12","6","2","0","1","0","1","1","102","4","5","80","1","2","50","1","1","100","0","0","0","0","0","0","1","1","100","0","0","0","3","4","75","110","0.17","100","40"
"16","Auburn","SEC","9-15-334-198091-198102","9","Tahaad Pettiford","15","Blake Muschalek","334","Keyshawn Hall","198091","Abdul Bashir","198102","Emeka Opurum","237","45.6","333.3","133.3","200","10","3","1","1","0","1","1","2","57.9","2","6","33.3","5","6","83.3","1","4","25","1","1","100","0","0","0","0","1","0","0","2","0","1","2","50","41.7","0","66.7","100","8","6","2","0","2","1","2","3","58.1","2","6","33.3","2","2","100","0","2","0","0","0","0","0","0","0","0","0","0","0","2","0","2","4","50","50","0.33","100","33.3"
"16","Auburn","SEC","7583-198094-198099-198102-198110","7583","Kevin Overton","198094","Elyjah Freeman","198099","Kaden Magwood","198102","Emeka Opurum","198110","Sebastian Williams-Adams","234","66.7","75","160","-85","6","8","3","1","2","0","3","0","60","3","5","60","0","0","0","3","3","100","0","0","0","2","2","100","0","0","0","1","1","100","0","2","0","60","0.25","0","0","8","5","2","2","2","0","1","0","69.4","2","4","50","3","4","75","1","1","100","0","0","0","0","0","0","1","1","100","0","0","0","1","3","33.3","62.5","0.4","0","100"
"16","Auburn","SEC","9-334-198094-198102-198110","9","Tahaad Pettiford","334","Keyshawn Hall","198094","Elyjah Freeman","198102","Emeka Opurum","198110","Sebastian Williams-Adams","226","63.7","214.3","120","94.3","15","7","2","3","0","2","3","2","88","4","5","80","6","8","75","3","3","100","0","0","0","0","0","0","2","2","100","1","1","100","1","2","50","90","0","66.7","160","6","5","1","0","3","0","0","1","50","2","6","33.3","0","0","0","0","3","0","0","0","0","0","0","0","0","1","0","0","2","0","2","3","66.7","50","0.6","100","0"
"16","Auburn","SEC","9-15-7583-198098-198110","9","Tahaad Pettiford","15","Blake Muschalek","7583","Kevin Overton","198098","Filip Jović","198110","Sebastian Williams-Adams","224","58.9","116.7","100","16.7","7","6","1","1","1","1","3","0","71.7","2","4","50","2","2","100","1","3","33.3","0","0","0","1","1","100","0","1","0","0","1","0","1","1","100","62.5","0.17","0","50","5","5","0","0","1","0","2","0","36.3","2","6","33.3","1","2","50","2","5","40","0","0","0","0","0","0","0","1","0","2","4","50","0","1","0","33.3","0.2","0","33.3"
"16","Auburn","SEC","9-334-198094-198098-198108","9","Tahaad Pettiford","334","Keyshawn Hall","198094","Elyjah Freeman","198098","Filip Jović","198108","Simon Walker","224","64.3","171.4","160","11.4","12","7","1","1","1","0","2","1","93.2","4","6","66.7","1","1","100","1","3","33.3","0","1","0","0","0","0","1","2","50","0","0","0","3","3","100","91.7","0.14","33.3","16.7","8","5","1","0","2","1","1","2","48.1","2","7","28.6","3","3","100","1","3","33.3","0","0","0","0","0","0","1","2","50","0","1","0","1","4","25","35.7","0.4","66.7","42.9"
"16","Auburn","SEC","334-198098-198099-198108-198110","334","Keyshawn Hall","198098","Filip Jović","198099","Kaden Magwood","198108","Simon Walker","198110","Sebastian Williams-Adams","223","70","142.9","150","-7.1","10","7","0","0","1","0","3","3","54.3","3","7","42.9","3","5","60","2","6","33.3","0","0","0","0","0","0","2","5","40","0","1","0","1","1","100","50","0.14","100","71.4","9","6","1","1","0","2","3","3","45.5","3","9","33.3","2","2","100","2","5","40","0","0","0","0","1","0","2","4","50","0","0","0","1","4","25","38.9","0","100","22.2"
"16","Auburn","SEC","4154-198094-198098-198099-198108","4154","KeShawn Murphy","198094","Elyjah Freeman","198098","Filip Jović","198099","Kaden Magwood","198108","Simon Walker","216","66.7","150","90","60","3","2","0","0","0","0","2","2","19.6","0","5","0","3","6","50","0","3","0","0","0","0","0","0","0","0","2","0","0","1","0","0","2","0","0","0","100","120","9","10","1","0","1","1","5","1","75","4","6","66.7","0","0","0","3","3","100","0","0","0","1","1","100","2","2","100","0","0","0","1","3","33.3","75","0.1","20","0"
"16","Auburn","SEC","9-15-7583-198094-198110","9","Tahaad Pettiford","15","Blake Muschalek","7583","Kevin Overton","198094","Elyjah Freeman","198110","Sebastian Williams-Adams","211","56.9","200","66.7","133.3","8","4","1","1","0","0","2","0","84","2","3","66.7","3","4","75","1","2","50","0","0","0","0","0","0","1","1","100","0","1","0","1","1","100","83.3","0","0","133.3","4","6","0","0","2","0","2","2","33.3","2","6","33.3","0","0","0","2","3","66.7","1","1","100","1","1","100","0","1","0","0","0","0","0","3","0","33.3","0.33","100","0"
"16","Auburn","SEC","9-334-7583-198091-198102","9","Tahaad Pettiford","334","Keyshawn Hall","7583","Kevin Overton","198091","Abdul Bashir","198102","Emeka Opurum","210","80","137.5","66.7","70.8","11","8","4","2","1","1","3","0","85.4","4","6","66.7","1","1","100","2","4","50","0","0","0","0","0","0","2","4","50","0","0","0","2","2","100","83.3","0.13","0","16.7","4","6","2","1","2","1","2","0","40","2","5","40","0","0","0","2","3","66.7","0","0","0","0","0","0","2","3","66.7","0","0","0","0","2","0","40","0.33","0","0"
"16","Auburn","SEC","9-4154-7583-198098-198099","9","Tahaad Pettiford","4154","KeShawn Murphy","7583","Kevin Overton","198098","Filip Jović","198099","Kaden Magwood","206","69.9","166.7","66.7","100","10","6","2","0","0","1","3","1","60.1","3","7","42.9","3","3","100","2","3","66.7","1","1","100","0","0","0","1","1","100","0","1","0","1","4","25","50","0","33.3","42.9","4","6","0","0","2","0","3","2","29.1","1","6","16.7","2","2","100","1","4","25","0","1","0","0","0","0","0","0","0","1","3","33.3","0","2","0","16.7","0.33","66.7","33.3"
"16","Auburn","SEC","15-7583-198094-198098-198110","15","Blake Muschalek","7583","Kevin Overton","198094","Elyjah Freeman","198098","Filip Jović","198110","Sebastian Williams-Adams","205","70.2","100","130","-30","2","2","0","2","1","0","0","0","20","1","5","20","0","0","0","1","5","20","0","0","0","0","1","0","1","2","50","0","2","0","0","0","0","20","0.5","0","0","13","10","3","1","2","2","4","0","133.2","4","4","100","2","2","100","1","1","100","0","0","0","0","0","0","1","1","100","0","0","0","3","3","100","137.5","0.2","0","50"
"16","Auburn","SEC","7583-198091-198099-198102-198110","7583","Kevin Overton","198091","Abdul Bashir","198099","Kaden Magwood","198102","Emeka Opurum","198110","Sebastian Williams-Adams","203","59.1","140","180","-40","7","5","0","0","0","1","2","3","37.6","3","8","37.5","1","3","33.3","3","4","75","1","2","50","0","0","0","1","1","100","1","1","100","0","4","0","37.5","0","100","37.5","9","5","0","0","0","0","3","0","78.1","2","4","50","4","4","100","1","2","50","0","0","0","0","0","0","0","1","0","1","1","100","1","2","50","62.5","0","0","100"
"16","Auburn","SEC","9-198094-198098-198108-198110","9","Tahaad Pettiford","198094","Elyjah Freeman","198098","Filip Jović","198108","Simon Walker","198110","Sebastian Williams-Adams","197","60.9","80","60","20","4","5","1","0","0","1","3","5","18.2","2","11","18.2","0","0","0","2","7","28.6","1","4","25","0","0","0","1","3","33.3","0","0","0","0","4","0","18.2","0","71.4","0","3","5","0","0","1","3","3","0","33.8","1","4","25","1","1","100","1","4","25","0","0","0","0","0","0","1","3","33.3","0","1","0","0","0","0","25","0.2","0","25"
"16","Auburn","SEC","15-334-198094-198098-198110","15","Blake Muschalek","334","Keyshawn Hall","198094","Elyjah Freeman","198098","Filip Jović","198110","Sebastian Williams-Adams","196","67.3","83.3","140","-56.7","5","6","0","3","2","0","2","0","86.8","2","2","100","1","2","50","2","2","100","0","0","0","0","0","0","2","2","100","0","0","0","0","0","0","100","0.33","0","100","7","5","1","2","3","0","0","0","65.8","2","4","50","2","3","66.7","1","1","100","0","0","0","0","0","0","0","0","0","1","1","100","1","3","33.3","62.5","0.6","0","75"
"16","Auburn","SEC","334-198094-198098-198099-198108","334","Keyshawn Hall","198094","Elyjah Freeman","198098","Filip Jović","198099","Kaden Magwood","198108","Simon Walker","195","55.4","225","120","105","9","4","2","0","0","0","2","0","78.1","2","4","50","3","4","75","0","0","0","0","0","0","0","0","0","0","0","0","0","0","0","2","4","50","75","0","0","100","6","5","1","0","0","0","3","0","61.5","2","4","50","2","2","100","2","3","66.7","0","0","0","0","0","0","1","1","100","1","2","50","0","1","0","50","0","0","50"
"16","Auburn","SEC","9-334-198098-198099-198110","9","Tahaad Pettiford","334","Keyshawn Hall","198098","Filip Jović","198099","Kaden Magwood","198110","Sebastian Williams-Adams","193","43.5","166.7","250","-83.3","5","3","1","0","1","0","0","0","83.3","2","3","66.7","0","0","0","1","2","50","0","0","0","0","0","0","0","0","0","1","2","50","1","1","100","83.3","0.33","0","0","10","4","2","0","1","0","1","0","119","2","2","100","5","5","100","1","1","100","0","0","0","0","0","0","1","1","100","0","0","0","1","1","100","125","0.25","0","250"
"16","Auburn","SEC","334-4154-7583-198094-198099","334","Keyshawn Hall","4154","KeShawn Murphy","7583","Kevin Overton","198094","Elyjah Freeman","198099","Kaden Magwood","189","88.9","150","50","100","9","6","3","2","0","1","3","1","51.4","3","7","42.9","2","4","50","2","4","50","0","1","0","0","0","0","2","3","66.7","0","0","0","1","3","33.3","50","0","33.3","57.1","4","8","0","0","3","0","5","2","27.8","0","5","0","4","5","80","0","3","0","0","0","0","0","0","0","0","3","0","0","0","0","0","2","0","0","0.38","28.6","100"
"16","Auburn","SEC","9-334-4154-198091-198110","9","Tahaad Pettiford","334","Keyshawn Hall","4154","KeShawn Murphy","198091","Abdul Bashir","198110","Sebastian Williams-Adams","184","58.7","280","275","5","14","5","3","0","0","0","1","0","119","4","5","80","2","2","100","0","1","0","0","0","0","0","0","0","0","0","0","0","1","0","4","4","100","120","0","0","40","11","4","3","0","0","0","0","0","110","4","5","80","0","0","0","1","1","100","0","0","0","0","0","0","0","0","0","1","1","100","3","4","75","110","0","0","0"
"16","Auburn","SEC","9-334-198091-198098-198110","9","Tahaad Pettiford","334","Keyshawn Hall","198091","Abdul Bashir","198098","Filip Jović","198110","Sebastian Williams-Adams","183","65.6","166.7","175","-8.3","10","6","0","0","3","0","1","2","76.7","2","3","66.7","4","8","50","0","0","0","0","0","0","0","0","0","0","0","0","0","0","0","2","3","66.7","100","0.5","66.7","266.7","7","4","1","3","0","0","1","0","71.7","3","4","75","1","2","50","3","3","100","0","0","0","2","2","100","1","1","100","0","0","0","0","1","0","75","0","0","50"
"16","Auburn","SEC","9-334-4154-198094-198099","9","Tahaad Pettiford","334","Keyshawn Hall","4154","KeShawn Murphy","198094","Elyjah Freeman","198099","Kaden Magwood","182","72.5","150","166.7","-16.7","12","8","3","0","0","0","3","2","85.7","5","7","71.4","0","0","0","3","4","75","1","1","100","0","0","0","1","1","100","1","2","50","2","3","66.7","85.7","0","66.7","0","5","3","2","0","1","0","0","0","62.5","2","4","50","0","0","0","1","2","50","0","0","0","0","0","0","0","0","0","1","2","50","1","2","50","62.5","0.33","0","0"
"16","Auburn","SEC","9-334-7583-198102-198110","9","Tahaad Pettiford","334","Keyshawn Hall","7583","Kevin Overton","198102","Emeka Opurum","198110","Sebastian Williams-Adams","178","60.7","120","175","-55","6","5","3","1","1","0","1","0","75","3","4","75","0","0","0","3","4","75","0","0","0","1","1","100","2","2","100","0","1","0","0","0","0","75","0.2","0","0","7","4","1","0","1","0","1","1","71.7","2","4","50","2","2","100","1","3","33.3","0","0","0","0","0","0","1","2","50","0","1","0","1","1","100","62.5","0.25","100","50"
"16","Auburn","SEC","9-334-198091-198094-198102","9","Tahaad Pettiford","334","Keyshawn Hall","198091","Abdul Bashir","198094","Elyjah Freeman","198102","Emeka Opurum","175","75.4","57.1","100","-42.9","4","7","1","0","3","0","2","2","40","2","5","40","0","0","0","2","4","50","0","1","0","0","0","0","1","1","100","1","2","50","0","1","0","40","0.43","100","0","4","4","1","2","1","0","1","1","40","2","5","40","0","0","0","2","3","66.7","0","0","0","0","0","0","2","3","66.7","0","0","0","0","2","0","40","0.25","100","0"
"16","Auburn","SEC","198091-198094-198098-198099-198110","198091","Abdul Bashir","198094","Elyjah Freeman","198098","Filip Jović","198099","Kaden Magwood","198110","Sebastian Williams-Adams","172","97.7","100","140","-40","9","9","3","0","2","1","4","1","58","3","6","50","2","4","50","2","3","66.7","0","0","0","1","1","100","0","0","0","1","2","50","1","3","33.3","58.3","0.22","20","66.7","7","5","0","1","1","0","2","1","42.1","2","7","28.6","2","3","66.7","1","4","25","0","0","0","0","0","0","1","2","50","0","2","0","1","3","33.3","35.7","0.2","33.3","42.9"
"16","Auburn","SEC","9-334-4154-7583-198098","9","Tahaad Pettiford","334","Keyshawn Hall","4154","KeShawn Murphy","7583","Kevin Overton","198098","Filip Jović","171","63.2","66.7","116.7","-50","2","3","0","1","2","0","0","0","33.3","1","3","33.3","0","0","0","1","2","50","0","0","0","0","0","0","1","2","50","0","0","0","0","1","0","33.3","0.67","0","0","7","6","2","1","2","0","2","1","90.2","2","3","66.7","2","2","100","1","1","100","0","0","0","0","0","0","0","0","0","1","1","100","1","2","50","83.3","0.33","33.3","66.7"
"16","Auburn","SEC","9-15-4154-198091-198110","9","Tahaad Pettiford","15","Blake Muschalek","4154","KeShawn Murphy","198091","Abdul Bashir","198110","Sebastian Williams-Adams","166","72.3","157.1","0","157.1","11","7","1","2","0","0","3","3","59.8","4","7","57.1","2","5","40","3","4","75","1","1","100","0","1","0","2","2","100","0","0","0","1","3","33.3","64.3","0","100","71.4","0","3","0","0","2","0","1","0","0","0","3","0","0","0","0","0","2","0","0","0","0","0","0","0","0","1","0","0","1","0","0","1","0","0","0.67","0","0"
"16","Auburn","SEC","9-15-198098-198099-198110","9","Tahaad Pettiford","15","Blake Muschalek","198098","Filip Jović","198099","Kaden Magwood","198110","Sebastian Williams-Adams","153","70.6","66.7","100","-33.3","2","3","0","1","1","0","1","0","33.3","1","3","33.3","0","0","0","1","1","100","0","0","0","0","0","0","1","1","100","0","0","0","0","2","0","33.3","0.33","0","0","6","6","0","0","2","0","2","0","77.3","2","3","66.7","2","2","100","2","2","100","0","0","0","0","0","0","1","1","100","1","1","100","0","1","0","66.7","0.33","0","66.7"
"16","Auburn","SEC","9-15-7583-198094-198098","9","Tahaad Pettiford","15","Blake Muschalek","7583","Kevin Overton","198094","Elyjah Freeman","198098","Filip Jović","146","49.3","250","150","100","10","4","2","1","0","0","1","0","128.9","3","3","100","2","2","100","1","1","100","0","0","0","0","0","0","0","0","0","1","1","100","2","2","100","133.3","0","0","66.7","3","2","1","0","1","0","0","1","37.5","1","4","25","0","0","0","0","2","0","0","1","0","0","0","0","0","1","0","0","0","0","1","2","50","37.5","0.5","100","0"
"16","Auburn","SEC","9-15-334-7583-198094","9","Tahaad Pettiford","15","Blake Muschalek","334","Keyshawn Hall","7583","Kevin Overton","198094","Elyjah Freeman","146","49.3","250","150","100","10","4","2","1","0","0","1","0","128.9","3","3","100","2","2","100","1","1","100","0","0","0","0","0","0","0","0","0","1","1","100","2","2","100","133.3","0","0","66.7","3","2","1","0","1","0","0","1","37.5","1","4","25","0","0","0","0","2","0","0","1","0","0","0","0","0","1","0","0","0","0","1","2","50","37.5","0.5","100","0"
"16","Auburn","SEC","15-198091-198099-198102-198108","15","Blake Muschalek","198091","Abdul Bashir","198099","Kaden Magwood","198102","Emeka Opurum","198108","Simon Walker","134","71.6","133.3","250","-116.7","8","6","2","0","2","0","1","0","133.3","3","3","100","0","0","0","1","1","100","0","0","0","1","1","100","0","0","0","0","0","0","2","2","100","133.3","0.33","0","0","5","2","1","1","0","0","0","1","62.5","2","4","50","0","0","0","1","2","50","0","0","0","0","0","0","1","2","50","0","0","0","1","2","50","62.5","0","100","0"
"16","Auburn","SEC","9-7583-198098-198099-198110","9","Tahaad Pettiford","7583","Kevin Overton","198098","Filip Jović","198099","Kaden Magwood","198110","Sebastian Williams-Adams","127","85","225","140","85","9","4","2","0","0","0","1","1","69.9","3","6","50","1","1","100","1","3","33.3","1","1","100","0","0","0","0","2","0","0","0","0","2","3","66.7","66.7","0","100","16.7","7","5","2","0","0","1","2","1","78.8","3","4","75","0","1","0","2","3","66.7","0","0","0","1","1","100","1","1","100","0","1","0","1","1","100","87.5","0","33.3","25"
"16","Auburn","SEC","4154-198091-198094-198098-198099","4154","KeShawn Murphy","198091","Abdul Bashir","198094","Elyjah Freeman","198098","Filip Jović","198099","Kaden Magwood","124","77.4","100","100","0","6","6","1","0","1","0","3","0","77.3","2","3","66.7","2","2","100","2","2","100","0","0","0","0","0","0","1","1","100","1","1","100","0","1","0","66.7","0.17","0","66.7","2","2","0","0","0","0","1","1","20","1","5","20","0","0","0","1","5","20","1","1","100","0","0","0","0","1","0","0","3","0","0","0","0","20","0","100","0"
"16","Auburn","SEC","12-14-16-198102-198108","12","Drake Cardwell","14","Reed Trapp","16","CJ Williams","198102","Emeka Opurum","198108","Simon Walker","123","58.5","225","350","-125","9","4","3","0","0","0","1","0","150","3","3","100","0","0","0","0","0","0","0","0","0","0","0","0","0","0","0","0","0","0","3","3","100","150","0","0","0","7","2","1","0","0","0","0","0","90.2","2","3","66.7","2","2","100","1","1","100","0","0","0","0","0","0","0","0","0","1","1","100","1","2","50","83.3","0","0","66.7"
"16","Auburn","SEC","334-4154-198091-198099-198110","334","Keyshawn Hall","4154","KeShawn Murphy","198091","Abdul Bashir","198099","Kaden Magwood","198110","Sebastian Williams-Adams","116","103.4","100","166.7","-66.7","4","4","0","0","0","0","2","3","28.6","2","7","28.6","0","0","0","2","5","40","0","0","0","0","0","0","1","4","25","1","1","100","0","2","0","28.6","0","100","0","10","6","2","0","0","0","2","0","83.3","4","6","66.7","0","0","0","2","4","50","0","0","0","0","0","0","2","4","50","0","0","0","2","2","100","83.3","0","0","0"
"16","Auburn","SEC","15-4154-7583-198098-198099","15","Blake Muschalek","4154","KeShawn Murphy","7583","Kevin Overton","198098","Filip Jović","198099","Kaden Magwood","112","85.7","225","50","175","9","4","1","3","0","0","0","0","112.5","4","4","100","0","0","0","3","3","100","0","0","0","1","1","100","1","1","100","1","1","100","1","1","100","112.5","0","0","0","2","4","0","0","3","0","0","0","100","1","1","100","0","0","0","1","1","100","0","0","0","0","0","0","1","1","100","0","0","0","0","0","0","100","0.75","0","0"
"16","Auburn","SEC","9-4154-198094-198108-198110","9","Tahaad Pettiford","4154","KeShawn Murphy","198094","Elyjah Freeman","198108","Simon Walker","198110","Sebastian Williams-Adams","110","65.5","50","200","-150","2","4","0","0","1","1","2","2","25","1","4","25","0","0","0","1","2","50","1","1","100","0","0","0","0","1","0","0","0","0","0","2","0","25","0.25","100","0","4","2","0","0","0","0","2","3","32.3","0","4","0","4","5","80","0","2","0","0","0","0","0","0","0","0","0","0","0","2","0","0","2","0","0","0","100","125"
"16","Auburn","SEC","9-7583-198094-198099-198110","9","Tahaad Pettiford","7583","Kevin Overton","198094","Elyjah Freeman","198099","Kaden Magwood","198110","Sebastian Williams-Adams","107","78.5","250","133.3","116.7","10","4","3","0","0","0","1","1","86.8","3","4","75","3","4","75","2","2","100","0","0","0","1","1","100","1","1","100","0","0","0","1","2","50","87.5","0","100","100","4","3","1","0","1","0","0","0","50","2","4","50","0","0","0","2","3","66.7","0","0","0","0","0","0","2","2","100","0","1","0","0","1","0","50","0.33","0","0"
"16","Auburn","SEC","7583-198094-198098-198108-198110","7583","Kevin Overton","198094","Elyjah Freeman","198098","Filip Jović","198108","Simon Walker","198110","Sebastian Williams-Adams","101","47.5","150","250","-100","3","2","1","0","0","0","1","0","75","1","2","50","0","0","0","0","1","0","0","0","0","0","0","0","0","1","0","0","0","0","1","1","100","75","0","0","0","5","2","1","0","0","0","1","0","64.4","1","3","33.3","2","2","100","0","0","0","0","0","0","0","0","0","0","0","0","0","0","0","1","3","33.3","50","0","0","66.7"
"16","Auburn","SEC","334-198091-198094-198099-198102","334","Keyshawn Hall","198091","Abdul Bashir","198094","Elyjah Freeman","198099","Kaden Magwood","198102","Emeka Opurum","100","36","50","100","-50","1","2","0","0","0","0","2","0","26.6","0","1","0","1","2","50","0","0","0","0","0","0","0","0","0","0","0","0","0","0","0","0","1","0","0","0","0","200","1","1","0","0","0","0","1","2","12.9","0","3","0","1","2","50","0","2","0","0","0","0","0","0","0","0","2","0","0","0","0","0","1","0","0","0","66.7","66.7"
"16","Auburn","SEC","9-334-7583-198098-198108","9","Tahaad Pettiford","334","Keyshawn Hall","7583","Kevin Overton","198098","Filip Jović","198108","Simon Walker","100","84","0","80","-80","0","2","0","1","2","0","0","0","0","0","2","0","0","0","0","0","0","0","0","0","0","0","0","0","0","0","0","0","0","0","0","2","0","0","1","0","0","4","5","0","2","1","0","2","0","100","2","2","100","0","0","0","2","2","100","0","0","0","0","0","0","2","2","100","0","0","0","0","0","0","100","0.2","0","0"
"16","Auburn","SEC","15-4154-198091-198098-198099","15","Blake Muschalek","4154","KeShawn Murphy","198091","Abdul Bashir","198098","Filip Jović","198099","Kaden Magwood","98","36.7","200","200","0","4","2","1","1","0","0","0","0","100","2","2","100","0","0","0","2","2","100","0","0","0","2","2","100","0","0","0","0","0","0","0","0","0","100","0","0","0","2","1","0","0","1","0","0","0","75.8","0","0","0","2","3","66.7","0","0","0","0","0","0","0","0","0","0","0","0","0","0","0","0","0","0","0","1","0","0"
"16","Auburn","SEC","15-198091-198098-198099-198110","15","Blake Muschalek","198091","Abdul Bashir","198098","Filip Jović","198099","Kaden Magwood","198110","Sebastian Williams-Adams","97","49.5","266.7","200","66.7","8","3","1","0","0","0","1","2","92.6","2","3","66.7","3","3","100","1","1","100","0","0","0","0","0","0","1","1","100","0","0","0","1","2","50","83.3","0","66.7","100","2","1","0","0","0","0","0","0","50","1","2","50","0","0","0","1","2","50","0","0","0","1","1","100","0","0","0","0","1","0","0","0","0","50","0","0","0"
"16","Auburn","SEC","334-4154-198099-198108-198110","334","Keyshawn Hall","4154","KeShawn Murphy","198099","Kaden Magwood","198108","Simon Walker","198110","Sebastian Williams-Adams","94","63.8","250","266.7","-16.7","5","2","2","0","0","0","0","0","125","2","2","100","0","0","0","1","1","100","0","0","0","0","0","0","0","0","0","1","1","100","1","1","100","125","0","0","0","8","3","2","0","0","0","0","2","75.2","3","4","75","1","3","33.3","2","2","100","0","0","0","1","1","100","0","0","0","1","1","100","1","2","50","87.5","0","100","75"
"16","Auburn","SEC","9-15-334-198094-198102","9","Tahaad Pettiford","15","Blake Muschalek","334","Keyshawn Hall","198094","Elyjah Freeman","198102","Emeka Opurum","93","64.5","200","166.7","33.3","4","2","0","0","0","0","1","3","37.6","1","4","25","2","3","66.7","1","1","100","0","0","0","0","0","0","1","1","100","0","0","0","0","3","0","25","0","100","75","5","3","1","0","0","1","1","0","102.5","2","2","100","0","1","0","1","1","100","0","0","0","0","0","0","1","1","100","0","0","0","1","1","100","125","0","0","50"
"16","Auburn","SEC","14-15-198091-198098-198099","14","Reed Trapp","15","Blake Muschalek","198091","Abdul Bashir","198098","Filip Jović","198099","Kaden Magwood","84","71.4","150","166.7","-16.7","3","2","0","0","1","0","0","2","50","1","3","33.3","0","0","0","0","0","0","0","0","0","0","0","0","0","0","0","0","0","0","1","3","33.3","50","0.5","100","0","5","3","0","1","0","0","1","2","62.5","2","4","50","0","0","0","1","3","33.3","1","2","50","0","0","0","0","1","0","0","0","0","1","1","100","62.5","0","66.7","0"
"16","Auburn","SEC","9-198094-198098-198099-198110","9","Tahaad Pettiford","198094","Elyjah Freeman","198098","Filip Jović","198099","Kaden Magwood","198110","Sebastian Williams-Adams","83","43.4","200","100","100","2","1","0","0","0","0","0","0","50","1","2","50","0","0","0","1","2","50","0","0","0","1","1","100","0","1","0","0","0","0","0","0","0","50","0","0","0","2","2","1","0","0","1","1","0","50","1","2","50","0","0","0","1","1","100","0","0","0","0","0","0","1","1","100","0","0","0","0","1","0","50","0","0","0"
"16","Auburn","SEC","7583-198091-198098-198099-198110","7583","Kevin Overton","198091","Abdul Bashir","198098","Filip Jović","198099","Kaden Magwood","198110","Sebastian Williams-Adams","76","78.9","300","100","200","3","1","0","0","0","0","0","1","52.1","1","2","50","1","2","50","1","2","50","0","0","0","0","1","0","0","0","0","1","1","100","0","0","0","50","0","100","100","4","4","0","0","1","0","1","0","100","2","2","100","0","0","0","2","2","100","0","0","0","0","0","0","1","1","100","1","1","100","0","0","0","100","0.25","0","0"
"16","Auburn","SEC","334-7583-198091-198099-198102","334","Keyshawn Hall","7583","Kevin Overton","198091","Abdul Bashir","198099","Kaden Magwood","198102","Emeka Opurum","74","81.1","0","66.7","-66.7","0","2","0","1","1","0","1","0","0","0","1","0","0","0","0","0","1","0","0","0","0","0","0","0","0","0","0","0","1","0","0","0","0","0","0.5","0","0","2","3","0","1","1","0","1","0","50","1","2","50","0","0","0","1","1","100","0","0","0","0","0","0","0","0","0","1","1","100","0","1","0","50","0.33","0","0"
"16","Auburn","SEC","15-334-4154-198099-198110","15","Blake Muschalek","334","Keyshawn Hall","4154","KeShawn Murphy","198099","Kaden Magwood","198110","Sebastian Williams-Adams","72","83.3","0","300","-300","0","3","0","0","3","0","0","0","","0","0","0","0","0","0","0","0","0","0","0","0","0","0","0","0","0","0","0","0","0","0","0","0","0","1","0","0","6","2","2","2","0","0","0","0","150","2","2","100","0","0","0","0","0","0","0","0","0","0","0","0","0","0","0","0","0","0","2","2","100","150","0","0","0"
"16","Auburn","SEC","9-334-7583-198091-198098","9","Tahaad Pettiford","334","Keyshawn Hall","7583","Kevin Overton","198091","Abdul Bashir","198098","Filip Jović","71","50.7","133.3","","","4","3","0","0","0","0","1","2","50","2","4","50","0","0","0","2","4","50","2","2","100","0","0","0","0","2","0","0","0","0","0","0","0","50","0","66.7","0","4","0","0","0","0","1","0","1","53.2","0","2","0","4","4","100","0","1","0","0","0","0","0","0","0","0","1","0","0","0","0","0","1","0","0","0","100","200"
"16","Auburn","SEC","9-15-4154-7583-198110","9","Tahaad Pettiford","15","Blake Muschalek","4154","KeShawn Murphy","7583","Kevin Overton","198110","Sebastian Williams-Adams","69","69.6","300","100","200","3","1","0","0","0","0","0","1","52.1","1","2","50","1","2","50","1","1","100","0","0","0","0","0","0","1","1","100","0","0","0","0","1","0","50","0","100","100","3","3","1","0","1","0","1","1","52.1","1","2","50","1","2","50","1","2","50","0","0","0","0","0","0","1","1","100","0","1","0","0","0","0","50","0.33","100","100"
"16","Auburn","SEC","334-4154-198094-198098-198099","334","Keyshawn Hall","4154","KeShawn Murphy","198094","Elyjah Freeman","198098","Filip Jović","198099","Kaden Magwood","66","36.4","100","","","2","2","1","0","0","0","1","0","100","1","1","100","0","0","0","1","1","100","0","0","0","0","0","0","1","1","100","0","0","0","0","0","0","100","0","0","0","0","0","0","0","0","0","0","1","0","0","2","0","0","0","0","0","2","0","0","0","0","0","0","0","0","1","0","0","1","0","0","0","0","0","0","100","0"
"16","Auburn","SEC","15-7583-198098-198099-198110","15","Blake Muschalek","7583","Kevin Overton","198098","Filip Jović","198099","Kaden Magwood","198110","Sebastian Williams-Adams","66","36.4","200","0","200","2","1","0","1","0","0","0","2","25.8","1","3","33.3","0","2","0","1","2","50","1","1","100","0","0","0","0","0","0","0","1","0","0","1","0","33.3","0","100","66.7","0","1","0","0","1","0","0","1","0","0","1","0","0","0","0","0","1","0","0","0","0","0","0","0","0","0","0","0","1","0","0","0","0","0","1","100","0"
"16","Auburn","SEC","334-7583-198091-198098-198099","334","Keyshawn Hall","7583","Kevin Overton","198091","Abdul Bashir","198098","Filip Jović","198099","Kaden Magwood","65","92.3","150","66.7","83.3","3","2","0","0","0","0","1","0","61.5","1","2","50","1","1","100","1","2","50","0","0","0","0","0","0","1","1","100","0","1","0","0","0","0","50","0","0","50","2","3","0","0","0","0","2","0","50","1","2","50","0","0","0","1","1","100","0","0","0","0","0","0","0","0","0","1","1","100","0","1","0","50","0","0","0"
"16","Auburn","SEC","12-14-15-16-198108","12","Drake Cardwell","14","Reed Trapp","15","Blake Muschalek","16","CJ Williams","198108","Simon Walker","59","61","","133.3","","0","0","0","0","0","0","0","0","0","0","1","0","0","0","0","0","1","0","0","0","0","0","0","0","0","1","0","0","0","0","0","0","0","0","0","0","0","4","3","1","0","0","1","1","1","66.7","2","3","66.7","0","0","0","2","3","66.7","1","1","100","0","0","0","1","1","100","0","1","0","0","0","0","66.7","0","100","0"
"16","Auburn","SEC","14-15-16-198099-198108","14","Reed Trapp","15","Blake Muschalek","16","CJ Williams","198099","Kaden Magwood","198108","Simon Walker","58","62.1","100","200","-100","2","2","1","0","1","0","0","1","50","1","2","50","0","0","0","1","1","100","0","0","0","0","0","0","1","1","100","0","0","0","0","1","0","50","0.5","100","0","2","1","0","0","0","0","0","0","100","1","1","100","0","0","0","1","1","100","0","0","0","1","1","100","0","0","0","0","0","0","0","0","0","100","0","0","0"
"16","Auburn","SEC","9-15-334-198098-198110","9","Tahaad Pettiford","15","Blake Muschalek","334","Keyshawn Hall","198098","Filip Jović","198110","Sebastian Williams-Adams","58","62.1","0","0","0","0","1","0","1","0","0","1","1","0","0","2","0","0","0","0","0","1","0","0","0","0","0","0","0","0","1","0","0","0","0","0","1","0","0","0","100","0","0","2","0","0","1","1","1","0","0","0","1","0","0","0","0","0","1","0","0","0","0","0","0","0","0","1","0","0","0","0","0","0","0","0","0.5","0","0"
"16","Auburn","SEC","9-15-334-4154-7583","9","Tahaad Pettiford","15","Blake Muschalek","334","Keyshawn Hall","4154","KeShawn Murphy","7583","Kevin Overton","56","42.9","","150","","1","0","0","0","0","0","0","0","56.8","0","0","0","1","2","50","0","0","0","0","0","0","0","0","0","0","0","0","0","0","0","0","0","0","0","0","0","0","3","2","1","0","0","0","1","1","52.1","1","2","50","1","2","50","1","2","50","0","0","0","0","0","0","1","1","100","0","1","0","0","0","0","50","0","100","100"
"16","Auburn","SEC","9-334-4154-198098-198108","9","Tahaad Pettiford","334","Keyshawn Hall","4154","KeShawn Murphy","198098","Filip Jović","198108","Simon Walker","55","65.5","0","300","-300","0","1","0","0","1","0","0","0","","0","0","0","0","0","0","0","0","0","0","0","0","0","0","0","0","0","0","0","0","0","0","0","0","0","1","0","0","6","2","1","1","0","0","0","0","123","2","2","100","1","1","100","1","1","100","0","0","0","0","0","0","1","1","100","0","0","0","1","1","100","125","0","0","50"
"16","Auburn","SEC","9-15-334-198091-198098","9","Tahaad Pettiford","15","Blake Muschalek","334","Keyshawn Hall","198091","Abdul Bashir","198098","Filip Jović","54","44.4","200","","","4","2","0","0","0","0","1","3","41","1","4","25","2","2","100","1","3","33.3","1","1","100","0","0","0","0","1","0","0","1","0","0","1","0","25","0","100","50","0","0","0","0","0","0","0","0","0","0","1","0","0","0","0","0","1","0","0","0","0","0","0","0","0","1","0","0","0","0","0","0","0","0","0","0","0"
"16","Auburn","SEC","9-14-16-7583-198094","9","Tahaad Pettiford","14","Reed Trapp","16","CJ Williams","7583","Kevin Overton","198094","Elyjah Freeman","48","100","0","100","-100","0","1","0","1","1","0","0","0","0","0","1","0","0","0","0","0","0","0","0","0","0","0","0","0","0","0","0","0","0","0","0","1","0","0","1","0","0","3","3","1","1","1","0","1","0","150","1","1","100","0","0","0","0","0","0","0","0","0","0","0","0","0","0","0","0","0","0","1","1","100","150","0.33","0","0"
"16","Auburn","SEC","4154-198091-198098-198099-198110","4154","KeShawn Murphy","198091","Abdul Bashir","198098","Filip Jović","198099","Kaden Magwood","198110","Sebastian Williams-Adams","47","25.5","","300","","0","0","0","0","0","1","0","0","","0","0","0","0","0","0","0","0","0","0","0","0","0","0","0","0","0","0","0","0","0","0","0","0","0","0","0","0","3","1","1","0","0","0","0","2","50","1","3","33.3","0","0","0","0","2","0","0","0","0","0","0","0","0","0","0","0","2","0","1","1","100","50","0","100","0"
"16","Auburn","SEC","9-4154-198094-198098-198110","9","Tahaad Pettiford","4154","KeShawn Murphy","198094","Elyjah Freeman","198098","Filip Jović","198110","Sebastian Williams-Adams","46","52.2","","200","","2","0","0","0","0","0","0","0","113.6","0","0","0","2","2","100","0","0","0","0","0","0","0","0","0","0","0","0","0","0","0","0","0","0","0","0","0","0","4","2","0","0","0","0","0","0","100","2","2","100","0","0","0","2","2","100","0","0","0","0","0","0","1","1","100","1","1","100","0","0","0","100","0","0","0"
"16","Auburn","SEC","15-334-198094-198099-198110","15","Blake Muschalek","334","Keyshawn Hall","198094","Elyjah Freeman","198099","Kaden Magwood","198110","Sebastian Williams-Adams","45","80","","66.7","","0","0","0","1","0","0","0","0","0","0","1","0","0","0","0","0","0","0","0","0","0","0","0","0","0","0","0","0","0","0","0","1","0","0","0","0","0","2","3","0","0","1","1","1","0","100","1","1","100","0","0","0","1","1","100","0","0","0","0","0","0","0","0","0","1","1","100","0","0","0","100","0.33","0","0"
"16","Auburn","SEC","334-198091-198098-198099-198110","334","Keyshawn Hall","198091","Abdul Bashir","198098","Filip Jović","198099","Kaden Magwood","198110","Sebastian Williams-Adams","39","61.5","0","400","-400","0","1","0","0","1","0","0","0","","0","0","0","0","0","0","0","0","0","0","0","0","0","0","0","0","0","0","0","0","0","0","0","0","0","1","0","0","4","1","0","1","0","0","0","0","106.4","1","1","100","1","2","50","0","0","0","0","0","0","0","0","0","0","0","0","0","0","0","1","1","100","150","0","0","200"
"16","Auburn","SEC","12-14-15-16-198098","12","Drake Cardwell","14","Reed Trapp","15","Blake Muschalek","16","CJ Williams","198098","Filip Jović","35","0","","","","0","0","0","0","0","0","0","0","","0","0","0","0","0","0","0","0","0","0","0","0","0","0","0","0","0","0","0","0","0","0","0","0","0","0","0","0","2","0","0","0","0","0","0","0","113.6","0","0","0","2","2","100","0","0","0","0","0","0","0","0","0","0","0","0","0","0","0","0","0","0","0","0","0","0"
"16","Auburn","SEC","9-334-198091-198094-198110","9","Tahaad Pettiford","334","Keyshawn Hall","198091","Abdul Bashir","198094","Elyjah Freeman","198110","Sebastian Williams-Adams","33","72.7","","150","","0","0","0","0","0","0","0","0","0","0","1","0","0","0","0","0","0","0","0","0","0","0","0","0","0","0","0","0","0","0","0","1","0","0","0","0","0","3","2","1","0","0","0","1","0","150","1","1","100","0","0","0","0","0","0","0","0","0","0","0","0","0","0","0","0","0","0","1","1","100","150","0","0","0"
"16","Auburn","SEC","9-334-198094-198098-198102","9","Tahaad Pettiford","334","Keyshawn Hall","198094","Elyjah Freeman","198098","Filip Jović","198102","Emeka Opurum","32","37.5","0","","","0","1","0","0","0","0","1","0","","0","0","0","0","0","0","0","0","0","0","0","0","0","0","0","0","0","0","0","0","0","0","0","0","0","0","0","0","0","0","0","0","0","0","0","0","0","0","1","0","0","0","0","0","0","0","0","0","0","0","0","0","0","0","0","0","0","0","0","1","0","0","0","0","0"
"16","Auburn","SEC","15-334-7583-198094-198110","15","Blake Muschalek","334","Keyshawn Hall","7583","Kevin Overton","198094","Elyjah Freeman","198110","Sebastian Williams-Adams","30","120","0","0","0","0","2","0","0","0","0","2","0","","0","0","0","0","0","0","0","0","0","0","0","0","0","0","0","0","0","0","0","0","0","0","0","0","0","0","0","0","0","1","0","0","1","0","0","0","0","0","2","0","0","0","0","0","0","0","0","0","0","0","0","0","0","0","0","0","0","0","0","2","0","0","1","0","0"
"16","Auburn","SEC","15-7583-198098-198102-198108","15","Blake Muschalek","7583","Kevin Overton","198098","Filip Jović","198102","Emeka Opurum","198108","Simon Walker","28","42.9","","200","","0","0","0","0","0","0","0","0","","0","0","0","0","0","0","0","0","0","0","0","0","0","0","0","0","0","0","0","0","0","0","0","0","0","0","0","0","2","1","0","0","0","0","0","0","100","1","1","100","0","0","0","1","1","100","0","0","0","0","0","0","0","0","0","1","1","100","0","0","0","100","0","0","0"
"16","Auburn","SEC","198094-198098-198099-198102-198108","198094","Elyjah Freeman","198098","Filip Jović","198099","Kaden Magwood","198102","Emeka Opurum","198108","Simon Walker","28","85.7","","0","","0","0","0","0","0","0","0","0","0","0","1","0","0","0","0","0","1","0","0","0","0","0","0","0","0","0","0","0","1","0","0","0","0","0","0","0","0","0","2","0","0","1","0","1","0","","0","0","0","0","0","0","0","0","0","0","0","0","0","0","0","0","0","0","0","0","0","0","0","0","0","0.5","0","0"
"16","Auburn","SEC","15-198094-198098-198099-198110","15","Blake Muschalek","198094","Elyjah Freeman","198098","Filip Jović","198099","Kaden Magwood","198110","Sebastian Williams-Adams","26","92.3","","150","","0","0","0","0","0","0","0","1","0","0","1","0","0","0","0","0","1","0","0","0","0","0","0","0","0","1","0","0","0","0","0","0","0","0","0","100","0","3","2","1","0","0","0","1","0","150","1","1","100","0","0","0","0","0","0","0","0","0","0","0","0","0","0","0","0","0","0","1","1","100","150","0","0","0"
"16","Auburn","SEC","9-334-198094-198098-198099","9","Tahaad Pettiford","334","Keyshawn Hall","198094","Elyjah Freeman","198098","Filip Jović","198099","Kaden Magwood","23","52.2","","0","","0","0","0","0","0","0","0","0","0","0","0","0","0","2","0","0","0","0","0","0","0","0","0","0","0","0","0","0","0","0","0","0","0","0","0","0","0","0","1","0","0","0","0","1","0","","0","0","0","0","0","0","0","0","0","0","0","0","0","0","0","0","0","0","0","0","0","0","0","0","0","0","0","0"
"16","Auburn","SEC","9-334-198091-198094-198098","9","Tahaad Pettiford","334","Keyshawn Hall","198091","Abdul Bashir","198094","Elyjah Freeman","198098","Filip Jović","22","54.5","0","","","0","1","0","0","0","0","1","0","","0","0","0","0","0","0","0","0","0","0","0","0","0","0","0","0","0","0","0","0","0","0","0","0","0","0","0","0","0","0","0","0","0","0","0","0","0","0","1","0","0","0","0","0","0","0","0","0","0","0","0","0","0","0","0","0","0","0","0","1","0","0","0","0","0"
"16","Auburn","SEC","4154-198094-198099-198108-198110","4154","KeShawn Murphy","198094","Elyjah Freeman","198099","Kaden Magwood","198108","Simon Walker","198110","Sebastian Williams-Adams","21","0","","","","0","0","0","0","0","0","0","0","","0","0","0","0","0","0","0","0","0","0","0","0","0","0","0","0","0","0","0","0","0","0","0","0","0","0","0","0","0","0","0","0","0","0","0","1","0","0","1","0","0","1","0","0","0","0","0","0","0","0","0","0","0","0","0","0","0","0","0","1","0","0","0","100","100"
"16","Auburn","SEC","12-15-16-198108-198110","12","Drake Cardwell","15","Blake Muschalek","16","CJ Williams","198108","Simon Walker","198110","Sebastian Williams-Adams","21","114.3","","100","","2","0","0","0","0","0","0","0","113.6","0","0","0","2","2","100","0","0","0","0","0","0","0","0","0","0","0","0","0","0","0","0","0","0","0","0","0","0","2","2","0","0","0","0","1","0","100","1","1","100","0","0","0","1","1","100","0","0","0","0","0","0","1","1","100","0","0","0","0","0","0","100","0","0","0"
"16","Auburn","SEC","9-15-4154-198091-198098","9","Tahaad Pettiford","15","Blake Muschalek","4154","KeShawn Murphy","198091","Abdul Bashir","198098","Filip Jović","17","141.2","0","200","-200","0","1","0","0","0","0","1","0","","0","0","0","0","0","0","0","0","0","0","0","0","0","0","0","0","0","0","0","0","0","0","0","0","0","0","0","0","2","1","0","0","0","0","0","0","69.4","1","1","100","0","1","0","1","1","100","0","0","0","0","0","0","1","1","100","0","0","0","0","0","0","100","0","0","100"
"16","Auburn","SEC","14-15-198091-198099-198102","14","Reed Trapp","15","Blake Muschalek","198091","Abdul Bashir","198099","Kaden Magwood","198102","Emeka Opurum","13","92.3","0","","","0","1","0","0","0","0","1","0","","0","0","0","0","0","0","0","0","0","0","0","0","0","0","0","0","0","0","0","0","0","0","0","0","0","0","0","0","0","0","0","0","0","0","0","0","0","0","1","0","0","0","0","0","0","0","0","0","0","0","0","0","0","0","0","0","0","0","0","1","0","0","0","0","0"
"16","Auburn","SEC","334-4154-7583-198108-198110","334","Keyshawn Hall","4154","KeShawn Murphy","7583","Kevin Overton","198108","Simon Walker","198110","Sebastian Williams-Adams","6","0","","","","0","0","0","0","0","0","0","0","","0","0","0","0","0","0","0","0","0","0","0","0","0","0","0","0","0","0","0","0","0","0","0","0","0","0","0","0","0","0","0","0","0","0","0","1","0","0","1","0","0","0","0","0","0","0","0","0","0","0","0","0","0","0","0","0","0","0","0","1","0","0","0","100","0"
